text,label
condo across ateneo torr lorenzo num studio unit left josh repli schedul present opt futur updat,scam
papalduhin kita ng num ngayon basta ikaw na bahala sakin ah repli sa fb ye ako bahala sa win game mo fb page yara vespar naka gray na sando ang profil,scam
num ss pan lunin kita sa pinata win num num lang bang ndito pa ak num sta wag ka lang num makalim num sakin mess ge mok num sa peysbuk ko tanya aupadu ka puti may hawak juic,scam
dito nagsisimula ang saya panalo num free num welcom packag bonu use num bangowin com,scam
okay lang ba makipag deal ako sayo cash ka num ipapanalo kita num basta hati tayo num sakin num sayo kung sure ame allexa briell lim search officialalex num naka swimsuit na white,scam
good day ms ivi multi bank person cash loan like offer person loan num num unsecur loan get loan fast num num bank day interest pleas repli ye thank,scam
fex parcel num ddcdd num ba reach pleas contact branch phone concern,scam
smart remind reward point num num expir today pleas redeem gift soon url,scam
landbank iaccess account deduct php num num num agribank ph servic cancel immedi url,scam
globe remind reward point num num expir today pleas redeem gift soon url,scam
live dj awesom music wait drop enjoy night us vu sky bar loung marco polo hotel ortiga manila thank kit miculob vu receptionist,scam
hello good day commerci lot first master plan cbd batanga lima estat num hectar exist compon like outlet lipa aboitiz pitch offic bldg holiday inn residenti num hectar expans area park open space far num num lot size num num num num sqm price rang num num per sqm term pre sell commerci lot also avail area kindli messag detail erwin sia,scam
good day come join us vu sky bar loung marco polo hotel ortiga manila got cozi relax vibe perfect chill monday night see later thank kit miculob vu receptionist,scam
hi cash account temporarili deactiv pleas updat cash soon possibl confirm account kycupdategcash onlin thank choos gcash,scam
shift monday industri night vu sky bar loung call hardwork hero night hoteli restaurateur bar star bpo champ monday got better enjoy num select favorit draft beer chiva olmeca bottl shot classic cocktail everi monday night vu sky bar loung num th floor marco polo ortiga manila exclus hospit bpo industri profession present valid compani id avail discount unwind mingl celebr grind shift time take night back,scam
invit join us tonight vu sky bar loung marco polo hotel ortiga manila great night drink music good vibe open readi welcom come chill us thank kit miculob vu receptionist,scam
credit card point expir num hour lose chanc get num peso cashback redeem url redempt code cashcr num,scam
miss bdo fix rate asean sustain bond due num avail via invest manag account detail term num num year coupon rate gross num num net num num coupon payout quarterli tent issu date num num num deadlin reserv num num num volum subject final alloc detail call visit bdo branch,scam
late night got better join us vu sky bar loung celebr num amaz year marco polo ortiga manila rais glass num th anniversari num th hour special vu sky bar loung juli num num enjoy num beverag includ signatur cocktail hous wine beer non alcohol drink num num pm num num order least one food item per tabl unlock exclus treat experi refin even high citi marcopoloortiga num thhourspeci vusskybar anniversarycelebr,scam
receiv num num dswd ayuda sa kapo ang kita via gcash confirm today url forfeit buka,scam
feel rhythm sky vu sky bar loung marco polo hotel ortiga manila rock band june num th num pm miss vibe reserv spot kit miculob vu receptionist,scam
celebr independ day vu bar sky bar loung independ day enjoy freedom great drink unforgett night live music brad nina band opm rock roll night venu vu bar sky bar loung num th floor marco polo ortiga manila date june num time num num pm miss night full fun great vibe amaz view reserv pleas contact phone phone num num phone,scam
celebr independ day vu bar sky bar loung independ day enjoy freedom great drink unforgett night live music brad nina band opm rock roll night venu vu bar sky bar loung num th floor marco polo ortiga manila date june num time num num pm miss night full fun great vibe amaz view,scam
barbi almalbi live vu bar loung get readi unforgett night barbi almalbi bring icon sound skylin venu vu bar loung num th floor marco polo ortiga manila date june num num friday door open num num pm perform start num num pm entranc fee num num per person includ welcom drink kick night join us intim even fill music great vibe citi light limit slot avail come earli bring friend miss one kind perform cloud reserv spot contact us phone phone barbiealmalbisl vusbarandloung marcopoloortiga livemusicmanila opmnight,scam
barbi almalbi live vu bar loung get readi unforgett night barbi almalbi bring icon sound skylin venu vu bar loung num th floor marco polo ortiga manila date june num num friday door open num num pm perform start num num pm entranc fee num num per person includ welcom drink kick night join us intim even fill music great vibe citi light limit slot avail come earli bring friend miss one kind perform cloud barbiealmalbisl vusbarandloung marcopoloortiga livemusicmanila opmnight,scam
protect perform peac mind score num zagg product may num num promo run power mac center loop store,scam
time celebr mom enjoy special mother day deal store onlin may num num learn via power mac center offici facebook page,scam
globe remind reward point num num expir today pleas visit redeem favorit gift url,scam
globe remind reward point num num expir today pleas visit redeem favorit gift rewardsbk com ph,scam
dear custom num num point expir num num num pleas redeem present immedi pleaseclick url redeem present,scam
bdo updat part new bdo onlin app updat requir valid updat bdo onlin bank inform keep account current continu receiv otp proceed pleas visit url failur restrict account access onlin transact,scam
save transfer fee bdo pay send money anoth bdo account free bank low instapay fee num download,scam
view manag add remov bdo account card bdo onlin app download sign,scam
bdo onlin let conveni manag check account reorder checkbook app never run need use stop payment order take control issu check download sign,scam
view trust invest bdo onlin app add onlin bank account app download sign,scam
new bdo onlin view trust invest pesonet foreign currenc transfer request loan document instal offer checkbook servic download,scam
pesonet avail bdo onlin app send money num num per day num download sign,scam
send pamasko cash gift love one free bdo account enjoy minim fee num instapay transfer download bdo pay app,scam
dear custom num num point expir num num redeem reward like phone accessori expir click view option url,scam
send money bdo account foreign currenc bdo onlin app num currenc avail download sign,scam
send money protect polici automat renew novemb num th gcash php num num cancel polici visit gcash phlada fr,scam
luck await grab num gift today gjp ph gojpluck golf,scam
good day getm philippin inc name ren ask want order happi assist,scam
gcash advisori system detect unrecogn login attempt cash precaut cash suspend num hour resolv issu visit glife money cash,scam
urgent action requir account need attent maintain secur access bdo onlin bank servic receiv otp pleas updat inform promptli visit onlin app ltd securebdo complet import step,scam
bigwln nanalo ka ng prize num num magparehistro makakuha ng num maglaro ng num makakuha ng num libreng num para sa unang deposito gdubw social,scam
free slot machin worth num million peso wait regist get num first deposit get num free rebat websit pvej sg,scam
nakatanggap ang iyong number ng num mag regist gamit ang number na ito maglaro ng halagang num upang makuha sumali dito xpio num ytr la,scam
join gjp casino bet tournament win num num point gjprosper de new member receiv num bonu num point start win today,scam
ikaw ang maswerteng makatanggap ng num na bonu url num bet xyz,scam
nanalo ako ng pera tuw tumaya ako ng num nanalo ng num maaar ito ay isang bug sumali ako sa url num bet xyz,scam
nanalo ng jackp num nanalo ka ng prize na num num download na para makakuha ng num nang libr makakuha ng num libr para sa num st deposit gghnm dhaui ca,scam
mag regist na sa epwin makakuha ng num welcom bonu hanggang num peso num num araw araw na rebat sa epicgamb de huwag palampasin,scam
gcash account verif need due suspici transact kindli visit asac wang continu use servic,scam
nakatanggap ang iyong number ng num mag regist gamit ang number na ito maglaro ng halagang num upang makuha sumali dito yystf num ree nl,scam
gjprize de sunday chanc win big spin daili lucki wheel samsung galaxi num num num num valu newbi get num bonu num,scam
nakatanggap ang iyong number ng num mag regist gamit ang number na ito maglaro ng halagang num upang makuha sumali dito boxjam de,scam
gjchip de win samsung galaxi num num worth num num sunday daili lucki wheel event new member get num bonu num sign,scam
nakatanggap ang iyong number ng num mag regist gamit ang number na ito maglaro ng halagang num upang makuha sumali dito joypod de,scam
unleash potenti sign num bonu enter lucki wheel chanc win xiaomi num wpslot de start win,scam
friday fun enjoy num num num num gjp ph payday blast new member get num gjslot de wait join,scam
yg num nakatanggap ang iyong number ng num mag regist gamit ang number na ito maglaro ng halagang num upang makuha sumali dito joypod de,scam
num peso mo gawin nate num copi browser kklfph fyi get,scam
yg num nakatanggap ang iyong number ng num mag regist gamit ang number na ito maglaro ng halagang num upang makuha sumali dito boxlid de,scam
congrat vip num first deposit bonu free num fb bonu claim gone contact custom servic seiz luck pnlkawon de,scam
ikaw ang maswerteng makatanggap ng num na bonu tssccc pgwinwin ca,scam
claim num nu magl num kunin ang num pe num ngayon pumunta sa link na kklfph fyi,scam
elev statu join sbet vip num num bonu new member score num num welcom bonu daili reward sign sbcash de,scam
juli join casino win tournament win num num oppo reno num pro num worth num num get daili rebat num num winplaysup de sign,scam
nanalo ang number mo ng num mag regist gamit ang number na ito upang makuha premyo sumali dito antfig de,scam
num first deposit bonu num bonu invit friend num num bonu download app wait num num num num,scam
saturday storm wplusgam de grab num bonu num first deposit bonu num miss fun,scam
nakatanggap ang iyong number ng num mag regist gamit ang number na ito maglaro ng halagang num upang makuha sumali dito nowjam de,scam
subukan ang saya kunin ang num welcom bonu num live casino bonu sa epicwplay de hanggang num peso sumali na ngayon,scam
get readi ultim gjp ph event today win num num num num bet tournament grab oppo reno num pro tourna gojpcard de,scam
receiv interest appli credit card annual fee life would like proceed credit card applic approv kindli send num valid id process team via viber phone receiv id pleas wait verif call,scam
ikaw ang maswerteng makatanggap ng num na bonu supervvvip ca,scam
nalagay na sa iyong number ang num sumali gamit ang number na ito maglagay ng num upang makuha hnvb uk,scam
num jackp num na naman ano pa hinihintay mo mag reg num ster na mag claim ng num free baka ikaw na ang susunod maswert odqzz eu,scam
miss chanc win big score oppo reno num pro num worth num num get num daili bonu wplushug de join excit,scam
nanalo ako ng pera tuw tumaya ako ng num nanalo ng num maaar ito ay isang bug sumali ako sa ycx num ew num rt uk,scam
dear user gcash account receiv num num gcash support redeem claimpeso de claimid num thank choos us,scam
free num win vivo num num gb miss slot tournament sbetgift eu,scam
ikaw ang maswerteng makatanggap ng num na bonu yg num yt num num uk,scam
may num credit natanggap ang number na ito ito ay valid lamang within num hr magregist maglagay ng num upang maclaim sa ame num num cs cxlk uk,scam
win plu tuesday slot win oppo reno num pro num num gb worth num num num daili bonu regist wplayac de,scam
may num na natanggap ang number na ito ito ay valid lamang within num hr maglagay ng num upang maclaim sa ame num num cs mwjt uk,scam
daili lucki wheel gojpluswild de win samsung galaxi num num worth num num new member get num bonu num grab chanc win big,scam
spin daili lucki wheel gojplaywildph de win samsung galaxi num num worth num num new member get num bonu num sign,scam
may num credit natanggap ang number na ito ito ay valid lamang within num hr magregist maglagay ng num upang maclaim sa ame num num cs phee,scam
sa tuw tumataya ako sa lvv num num uk nananalo ako ng pera nagdeposito ako ng num nanalo ng num sana ay kumita ka ng balitang ito,scam
celebr gcash num th anniversari get num top voucher num visit gcash num year lc join fun offer end juli num miss,scam
may num credit natanggap ang number na ito ito ay valid lamang within num hr magregist maglagay ng num upang maclaim sa ame num num cs zaqw de,scam
nanalo ako ng pera tuw tumaya ako ng num nanalo ng num maaar ito ay isang bug sumali ako sa lvv num num uk,scam
winningplu blast grab num bonu new member enjoy special offer num free num join wplaymegaph de,scam
may num credit natanggap ang number na ito ito ay valid lamang within num hr magregist maglagay ng num upang maclaim sa ame num num cs iopq de,scam
experi friday fever gjpreffer de score num num bonu enter win vivo num pro num celebr friday win,scam
may num credit natanggap ang number na ito ito ay valid lamang within num hr magregist maglagay ng num upang maclaim sa ame num num cs cxbz de,scam
greet bdo part continu effort bring best onlin bank servic request verifi account inform continu access mobil bank receiv otp proceed onlin mybdo secur tw failur result account suspens,scam
claim num free stand chanc win vivo num num gb join slot tournament chanc win fantast prize sbetcoinph eu,scam
bdo unibank hello detect unauthor login attempt origin philippin account account secur top prioriti immedi action necessari prevent potenti risk thank swift respons secur alert visit co icehusej num,scam
gcash pleas advis ask everyon verifi account avoid deactiv verifi qrqr ai gcashhelpcent,scam
num ph unlimit fun make day moan hubaran live jakol live exclus free access php,scam
sign random free reward num minimum num string attach act auvip eu get anoth num download app,scam
sumali sa spin round challeng may chanc kang mag uwi ng brand new yamaha mio gravi bisitahin ang spinsfun eu para sa mga detaly ng bonu,scam
ikaw ang maswerteng makatanggap ng num na bonu lvv num num uk bmn num num fyt,scam
winningplu key honda click num num get num bonu num num bonu new member sign wplusmegaph de today,scam
bdo onlin system advisori due sim registr act num requir bdo client updat regist mobil number associ account pleas visit onlin mybdo servic tw ensur remain activ continu receiv one time pin otp,scam
gjp monday adventur win xiaomi num bet tournament gojpsup de new player special num bonu num num join let win begin,scam
sa tuw tumataya ako sa lvv num num uk num num fkg num fs nananalo ako ng pera nagdeposito ako ng num nanalo ng num sana ay kumita ka ng balitang ito,scam
lucki num charm uk claim nanalo ka ng num kunin na ang inyong premyo ngayon bisitahin ang link na ito upang makuha ang inyong napanalunan,scam
winner num bonu uk claim nanalo ka ng num maglagay lamang ng num upang makuha ang panalo,scam
gcash account verif need due suspici transact kindli visit centr glife continu use servic,scam
nanalo ako ng pera tuw tumaya ako ng num nanalo ng num maaar ito ay isang bug sumali ako sa lvv num num uk num ccv num ss,scam
kaya mo bang manalo sa spin round challeng ito ang iyong pagkakataon para makamit ang bagong yamaha mio gravi tuklasin ang mga premyo sa spswin eu,scam
electrifi weekend ahead enjoy num jili num daili bonu sbet win smartphon worth num num get num new member bonu sbetcock eu explor,scam
becom vip affili spinsph earn lucr commissi num ns join team start earn today spnsph nl,scam
phvega uk claim nanalo ka ng num maglagay lamang ng num upang makuha ang panalo,scam
nanalo ako ng pera tuw tumaya ako ng num nanalo ng num maaar ito ay isang bug sumali ako sa lvv num num uk num fg num dd,scam
phcasino uk claim nanalo ka ng num kunin na ang inyong premyo ngayon bisitahin ang link na ito upang makuha ang inyong napanalunan,scam
saya saya may kasamang bonu kumita ng hanggang num peso kuha ng num welcom bonu num live casino bonu sa epluckwin de,scam
gg num free num bonus super high discount come join num sd num ab ch,scam
join gjpwheel eu spin win samsung galaxi num num plu get num bonu num,scam
phprize uk claim nanalo ka ng num kunin na ang inyong premyo ngayon bisitahin ang link na ito upang makuha ang inyong napanalunan,scam
ventur depth underground cave samsung galaxi num num enjoy num bonu num explor gojpwild eu unearth preciou reward,scam
huwag magpahuli sumali na sa round challeng sa spnsmore eu manalo ng num peso may libreng bonu pa,scam
na refund na sa iyong account ang num mag regist maglagay ng num upang makuha vvgo uk,scam
social secur plan entitl lump sum benefit amount num num base total contribut num pleas appli sssr mx num,scam
celebr tgif gjp grab num num num num bonu spin win samsung galaxi num num visit gjpotnow de,scam
experi thrill gjp event earn num num num num bonu spin samsung galaxi num num visit gjpotfun de,scam
kumuha ng libreng num mag lagay lamang ng num upang makuha claimcent uk,scam
sa tuw tumataya ako sa num aa num shui uk num ssak num nananalo ako ng pera nagdeposito ako ng num nanalo ng num sana ay kumita ka ng balitang ito,scam
mag recharg para makakuha ng num reward kung ma marami kang recharg ma marami kang makukuha num shj num uk li num,scam
ph social secur system receiv num num num sss num pleas check verifi employ payment record sssc mx num num num dmu num,scam
sa tuw tumataya ako sa num shj num uk akk num cn nananalo ako ng pera nagdeposito ako ng num nanalo ng num sana ay kumita ka ng balitang ito,scam
super welcom bonu hanggang num peso ang maar makuhang libr sa num welcom bonu num live casino bonu websit epicwinluck de,scam
fg ss num fo new member download get num free right contact num num servic get,scam
hi real name gusto mo ba ng num num raffl ticket mag regist na sa goo eu num num simulan ang saya,scam
domest parcel track code rr num ph undeliver due unverifi recipi info pleas check mada ph la,scam
hello real name ang swert mo talaga nakuha mo ang num num raffl ticket pindutin na ga eu gzzr para kunin ang bonu mo,scam
hi real name gusto mo ba ng num num raffl ticket mag regist na sa goo eu biwm simulan ang saya,scam
hey real name good news nakuha mo ang num num raffl ticket pindutin dito goo eu ucuj para sa bonu mo,scam
track code rr num ph courier arriv num day ago deliveri fail pleas visit pw num cn reschedul deliveri valid,scam
rrrbet ss num fo app get num num num get num enjoy num discount daili deposit,scam
app get num num num get num enjoy num discount daili deposit fg num ss num fo,scam
hey good news may num num num free para sa yo punta na dito mar eu num mw,scam
hi readi ka na ba mag regist may num num free download ng app may num first deposit may dagdag num tara na mar eu ucup,scam
hey alam mo ba mag regist lang may num num raffl ka na download ng app dagdag num deposit today may num pa bisitahin mar eu gzfv,scam
ang gale mag regist ka lang may num num download ng app dagdag num first deposit boom dagdag num kunin na mar eu biw num,scam
hi andito na ang reward mo sa tatlong simpleng hakbang makakakuha ka ng num num num tingnan dito mar eu ertaz,scam
uy alam mo ba may num num raffl ticket ka libreng num sa pag download ng app check mo dito mar eu vrtv,scam
hey gusto mo ba ng num num raffl ticket mag regist makuha mo yan agad punta na sa mar eu uci num,scam
hi may libreng num ka kapag nag download ka ng app click na dito para simulan mar eu gzxw,scam
hey may num num raffl ticket libreng num sa app dagdag num sa deposit na num mag regist na mar eu num nh num,scam
hi gusto mo ba ng num num raffl ticket libreng num sa app dagdag num sa deposit na num click dito mar eu uciz,scam
na refund na sa iyong account ang num may pa bonu pang kalakip dahil sa abala na dinana check mo na ang credit mo dali claim na win num fo,scam
congratul receiv special invit regist receiv free num ss num fo,scam
sss member enrol payment method pleas complet enrol sss ifn num num kd receiv monthli benefit stipend,scam
wow real name ang swert mo naman may num num raffl ticket ka punta na dito beeph eu ucuq para kunin ang bonu mo,scam
hi real name ang gale mo may num num raffl ticket ka click na dito beeph eu num num para makuha ang bonu mo,scam
hello real name alam mo ba may num num raffl ticket ka click dito beeph eu biwd para sa bonu mo,scam
hey real name good news nakuha mo ang num num raffl ticket pindutin dito beeph eu vrtv para sa bonu mo,scam
ay real name sobrang swert mo may num num raffl ticket ka click na beeph eu ucua para makuha ang bonu mo,scam
mag log para makatanggap ng hanggang num magkaroon din ng pagkakataong manalo ng iphon num pro klv num num bbea uk,scam
ikaw ang maswerteng num jl makatanggap ng num na bonu ra num pgwinwin fi,scam
hi ang gale mo may num num raffl ticket ka click na dito pluss la ertaj para makuha ang bonu mo,scam
hey swert ka may num num raffl ticket ka click dito pluss la gzxi para makuha ang bonu mo,scam
wow amaz may num num raffl ticket ka punta na dito pluss la num nzq para kunin ang bonu mo,scam
uy congrat may num num raffl ticket ka click mo dito pluss la num nh num para sa bonu mo,scam
magrehistro bilang isang miyembro makakuha ng mga bonu suz num num bct uk,scam
sali na sa ate photo contest promot upang manalo ng kamangha manghang premyo num cc la ej num,scam
deliveri attempt unsuccess pleas visit link reschedul phpost tw,scam
domest mail return local post offic pleas click ph post la complet verif request deliveri,scam
num jl registr free num bonu maaari kang sumalisa luck num,scam
domest mail return local post offic pleas click postphl tw complet verif request deliveri,scam
exclus benefit wait get free umbrella shirt hat num bonu join telegram spinsphliv,scam
na refund na sa iyong account ang num may pa bonu pang kalakip dahil sa abala na dinana check mo na ang credit mo dali claim na gin num ltd,scam
magrehistro bilang isang miyembro makakuha ng mga bonu sa num num num lbc uk,scam
good day bancodeoro part continu effort bring best ewallet servic advis verifi account inform continu access failur result account suspens verifi bdo url ph tw,scam
ph postal domest mail arriv return post offic due need verifi ident recipi view phlmh tw,scam
hello real name regist play onlin win num slot machin num cc jmcg,scam
palakasin ang iyong first deposit maglaro ng game num bonu may free red envelop wi num mobi,scam
found bug sa num num num lbc uk deposit num win num win money everi bet,scam
join us saturday win num bonu miss winpnow eu spin winningplu win xiaomi num miss,scam
lawin num de unlock ultim prize ciaim num free get chanc win num ooo time win,scam
mag recharg get num bonu gamitin ang num para manalo ng num num xte num ab ca,scam
miss payday bonanza winpnow eu grab num bonu smash golden egg win num num score xiaomi num play big win,scam
payday bonanza arriv winpnow eu get fun huge win claim num bonu smash golden egg win num num grab xiaomi num,scam
fg num ang bagong num na libreng num nu ay random na ipapamahagi sa lalong madal panahon mag log ngayon para makatanggap num gg ac num,scam
goodluck ang swert mong tao sa epicwin may pag asa kang manalo ng num sa num peso na bet mo plu vip reward pa laro na websit epcw eu maglaro ngayun,scam
palakihin ang iyong mga kita gamit ang num welcom bonu magdeposit ngayon manalo ng malaki websit epcw eu maglaro ngayun,scam
ph postal packag return local post offic cannot deliv due need verifi recipi ident view mdph tw,scam
ph postal packag return local post offic cannot deliv due need verifi recipi ident view postph tw,scam
chill big win get num num free bonu panaloka de coolli navig mysteri ampao win num num start cool adventur,scam
oi real name readi ka ba co num mag offer ng num sa mga bagong player mag log sa titok la biyi,scam
wow real name tri ang co num may num na bonu pag nag regist ka suriin sa titok la ry num,scam
psst real name gusto mo ba ng libr co num magbigay ng num pag mag regist ka dalawin ang titok la biyp,scam
kumusta real name sumali sa co num may free num ka agad mag click dito titok la num num para magsimula,scam
exclus coupon code diwata num log without deposit receiv bonu immedi limit quantiti daili limit num peopl diwata tw,scam
goodluck ang swert mong tao sa epicwin may pag asa kang manalo ng num sa num peso na bet mo plu vip reward pa laro na websit epcwln eu maglaro ngayun,scam
good news bug onlin bet websit recharg num get num withdrawn immedi sp num num num otw uk,scam
big win small bet num peso becom num gplay dare win num num num ca,scam
goodluck ang swert mong tao sa epicwin may pag asa kang manalo ng num sa num peso na bet mo plu vip reward pa laro na websit ep num cwin eu maglaro ngayun,scam
palakihin ang iyong mga kita gamit ang num welcom bonu magdeposit ngayon manalo ng malaki websit epcswin eu maglaro ngayun,scam
notic bdo ongo effort provid best onlin bank servic would like request account valid continu util digit bank obtain otp proceed mybdo web ph uk failur result account suspens,scam
websit bug deposit num get num bonu withdraw immedi expir tomorrow come make money jk num num num,scam
join num bet get num bonus free win num grand prize jk num num num,scam
hi epic fam huwag kalimutang claim ang iyong sign reward araw araw sa inbox claim manalo ng num websit epcwinph eu maglaro ngayun,scam
mmda contact apprehens visit gov md tw pay traffic violat fine vehicl registr becom invalid,scam
real name libreng raffl alert manalo ng hanggang num sa mt ca bjpb yan ang hinahanap mo di ba sali na sa mt ca num vd,scam
mmda touch arrest penalti notic pay traffic fine phmi tw upon notif driver permit suspend num day,scam
mmda touch arrest penalti notic visit go phgov tw pay traffic violat fine vehicl registr becom invalid,scam
good news websit bug deposit num get num gift withdraw fund immedi pl num num num mal,scam
may bonanza packag magdeposito makakuha ng num araw na libreng kredito num num welcom bonu websit epwinph eu maglaro ngayon,scam
good news websit bug recharg num get num free withdraw money immedi num num ba num et,scam
epicwin experi thrill victori epicwin daili cashback get num slot welcom bonu trust websit epicwph eu play,scam
good day gcash would like inform account review request verifi account continu access ewallet servic verifi titan gcashupdateadvisori,scam
payday got better gojackpot claim num num bonu gojpot eu dream samsung galaxi num spin chanc win,scam
win big num bonu num php daili crazi num depo num free num spin win num cash super deal num ph tw,scam
get set payday bonanza claim num bonu tomorrow winplusna eu tri luck spin game win xiaomi num enjoy num num bonu,scam
real name sumali na tamasahin ang num na unlimit rebat libreng num madal kunin may deposit num get num na promo sa mt ca num num,scam
makuha ang iyong num na bonu ngayon load lamang ang app makuha ito nang libr bisitahin url,scam
epicwin stay entertain epicwin daili cashback trust websit epicwinsph num eu dive action num num slot welcom bonu,scam
mag recharg get num bonu gamitin ang num para manalo ng num num num num num ca,scam
bill remind num num collect expir num hour pleas get bk qa num ca nvk,scam
banco de oro issu account secur pleas review centi ai bdo onlin sincer banco de oro,scam
tara na libreng num peso ang naghihintay sa yo spinsnow eu mag enjoy sa spin bawat laro ay may mga bonu mag sign na,scam
elev game prowess winningplu enjoy num deposit bonu winplusna eu win num num join,scam
long time see num gift sana matanggap mo num num num,scam
magdeposito ng num makakuha ng num na libr num num num num ca,scam
mag recharg ng num makakuha ng num cash num num num num ca,scam
doblehin naten ang deposit mo dito lamang sa panaloka num num mo ay magig num num panalokawin eu claim num first bonu sign,scam
num mag recharg ng num makakuha ng num cash num num num num ca,scam
doubl mo na ang saya panalo mo num deposit bonu naghihintay sayo num num num num,scam
num magdeposito ng num makakuha ng num na libr num num num num ca,scam
app download reward num promot detail url lvjili eu new member get free num download bonu claim php num,scam
readi excit weekend sbet enjoy num deposit bonu free num num sbetwin eu win big weekend special prize pool get num extra bonu,scam
doblehin naten ang deposit mo dito lamang sa panaloka num num mo ay magig num num claim num first bonu sign panaloka num eu,scam
join winningplu num bonu num daili bonu num num bonu miss chanc win big winplusph num eu,scam
mga boss meron tayong libreng num piso na ipamimigay spin num eu,scam
epicwin sumali sa amin tangkilikin ang limitadong num bonu trust websit epicwin num eu magdeposito makakuha ng num ibang bonu araw araw,scam
long time see num gift sana matanggap mo num num cfd,scam
dumobl ang deposit dito lamang sa panaloka num num mo ay magig num num claim num first bonu panloka eu,scam
long time see may good news ako sayo mamaya num po cfd,scam
num mag recharg get num bonu gamitin ang num para manalo ng num num num num num ca,scam
good day gcash part continu effort bring best ewallet servic request verifi account inform continu access failur result account suspens verifi centi ai gcashcontactsupport,scam
num doubl mo na ang saya panalo mo num deposit bonu naghihintay sayo num num num num ca,scam
thank god saturday new member get num free upcom payday blast offer num join winplusph eu,scam
tripl game fun sa first deposit num bonu id num nz num,scam
real name svip special na alok num depo num na bonu lahat sila nakuha na ikaw swert mo claim na mt ca num num,scam
num co za makatanggap ng num nang libr manalo ng num na cash num,scam
dumobl ang deposit dito lamang sa panaloka num num mo ay magig num num claim num first bonu panaloka eu,scam
num co za mag recharg ng num magbahagi ng num pulang sobr araw araw,scam
readi non stop excit join claim num welcom bonu compet chanc win samsung galaxi num slot tournament gojackpot num eu,scam
maglaro nang may extra confid libreng deposito handog namin para sayo num tnt de bkpiu,scam
num co za makatanggap ng num nang libr manalo ng num na cash,scam
real name eksklusibong alok depo num siguradong num para sa yo ikaw lang ang may ganitong pagkakataon mt ca ertrq,scam
limit bonu red envelop giveaway jili num num chanc win php num num today num pm num pm num pm come get jili num eu,scam
get april top offer gojackpot claim num coin welcom bonu access elit vip reward club num num coin join gojackpot num eu,scam
get commiss num num per day come give num num right bet num tw num,scam
get commiss num num per day come give num num right bonu num tw uoywx,scam
real name eksklusibong alok depo num siguradong num para sa yo ikaw lang ang may ganitong pagkakataon sm num ca ertt,scam
num big win small bet num peso becom num num bet dare win num sg cfd,scam
epicwin sumali sa amin tangkilikin ang limitadong num bonu trust websit epicwinph eu magdeposito makakuha ng num ibang bonu araw araw,scam
kuya ate magdeposito makakuha ng num bonu ang num ay nanalo ng num num ast cfd,scam
magparehistro para sa libreng num tumaya slot num tw num num,scam
magparehistro para sa libreng num tumaya casino num tw num num,scam
num luck bonu num balanc regist play num tw snuf,scam
magparehistro para sa libreng num tumaya dice num tw mqh,scam
num luck bonu num balanc regist gambl num tw num num,scam
winningplu claim special bonu num new member claim num num bonu num num daili cashback winplu winplusph eu,scam
real name special imbitasyon depo num kumuha ng num na bonu para lang sa mga napil tao sm num ca num num,scam
num luck bonu num balanc regist pin num tw num num,scam
num luck bonu num balanc regist bet num tw num num,scam
magparehistro para sa libreng num tumaya coin num tw num num,scam
limit ci num get num easter egg num unlimit invit friend earn sa num ari co everyday url,scam
magdeposito ng num makakuha ng num na libr num turnov num num ca,scam
magparehistro para sa libreng num tumaya pin num tw num num,scam
good day gcash pleas advis ask everyon verifi account avoid deactiv tomorrow verifi kol vin gcashrequest,scam
magparehistro para sa libreng num tumaya slot num tw num hy,scam
april best offer join gojackpot free welcom bonu num num vip reward club num num sign excit win gojackpot eu,scam
num luck bonu num balanc regist win num tw num hy,scam
ipagdiwang ang svip anniv num ang deposito para sa num bonu alamin dito go num eu ryub,scam
num luck bonu num balanc regist coin num tw num dfqd,scam
deliv item door address pleas enter address rb gy num ql num,scam
magparehistro para sa libreng num tumaya luck num tw nlq,scam
num luck bonu num balanc regist win num tw wht,scam
num luck bonu num balanc regist coin num tw tsv,scam
num luck bonu num balanc regist bet num tw ab num,scam
num luck bonu num balanc regist play num tw tsv,scam
magparehistro para sa libreng num tumaya jack num tw nlq,scam
magparehistro para sa libreng num tumaya coin num tw num ut,scam
april best offer join gojackpot free welcom bonu num num vip reward club num num sign excit win gojackpot cfd,scam
magparehistro para sa libreng num tumaya coin num tw sy,scam
magparehistro para sa libreng num tumaya luck num tw num uyfo,scam
magparehistro para sa libreng num tumaya lucki num auction wix,scam
magparehistro para sa libreng num tumaya slot num auction hz num ppcx,scam
download app get free reward num num first deposit bonu uncap num num bonu per deposit join pub num buzz,scam
magparehistro para sa libreng num tumaya slot num auction num lhsupz,scam
magparehistro para sa libreng num tumaya luck num auction kjfkhi,scam
magparehistro para sa libreng num tumaya lucki num auction lszlh,scam
magparehistro para sa libreng num tumaya luck num auction btrw,scam
magparehistro para sa libreng num tumaya lucki num auction sy,scam
magparehistro para sa libreng num tumaya slot num auction sy,scam
real name dive anniv num get num instantli jump ph num buzz biy num,scam
epicwin sumali sa amin tangkilikin ang limitadong num bonu trust websit epicwin buzz magdeposito makakuha ng num ibang bonu araw araw,scam
magparehistro para sa libreng num tumaya luck num auction hz num ppcx,scam
good day gcash pleas advis ask everyon verifi account avoid deactiv tomorrow verifi kol vin gcashreferr,scam
magparehistro para sa libreng num tumaya lucki num auction monld,scam
payday blast claim num bonu chanc win samsung uhd worth num new player get free welcom bonu num num gojackpotph num icu,scam
magparehistro para makakuha ng num tumaya araw araw luck num auction wix,scam
epicwin sumali sa amin tangkilikin ang limitadong num bonu trust websit epicwinph num icu magdeposito makakuha ng num ibang bonu araw araw,scam
magparehistro para makakuha ng num tumaya araw araw slot num auction somhseq,scam
magparehistro para makakuha ng num tumaya araw araw slot num auction num,scam
magparehistro para makakuha ng num tumaya araw araw luck num auction num,scam
dumobl ang deposit dito lamang sa panaloka num num mo ay magig num num claim num first bonu panaloka tv,scam
magparehistro para makakuha ng num tumaya araw araw acerush tv jtppv,scam
celebr tgif gjp join holi week tournament win samsung uhd ua num num bonu new member get num free bonu join gojackpotph num icu,scam
magparehistro para makakuha ng num tumaya araw araw lucki num auction bgrj,scam
magparehistro para makakuha ng num tumaya araw araw slotjoy tv bgrj,scam
gamitin ang iyong num para kumita ng num mag imbita ng mga kaibigan na maglaro nang makakuha ng hanggang walang limitasyon na reward spinsxyz tv,scam
download app get free reward num num first deposit bonu uncap num num bonu per deposit join pub num tv,scam
hello svip bonu deposit num bawiin ang num num tv num kf,scam
magparehistro para makakuha ng num tumaya araw araw makatanggap ng cash red envelop slotjoy tv num pd num wu,scam
magparehistro para makakuha ng num tumaya araw araw makatanggap ng cash red envelop slotswin tv xei,scam
magparehistro para makakuha ng num tumaya araw araw makatanggap ng cash red envelop luckph tv jxf,scam
magparehistro para makakuha ng num tumaya araw araw makatanggap ng cash red envelop joylucki tv cpfk,scam
magparehistro para makakuha ng num tumaya araw araw makatanggap ng cash red envelop luckph tv klr num,scam
magparehistro para makakuha ng num tumaya araw araw makatanggap ng cash red envelop winpal tv pxmiub num,scam
log receiv php num free reward deposit num get num win highest cash daili draw slotswin tv num lh,scam
experi thrill sbet slot tournament open chanc win vivox num new member get num num bonu signup win big sbet num icu,scam
pinoy slot fiesta holi week regist num free credit enjoy bonus num follow us social media offer pinoyslot tv,scam
log receiv php num free reward deposit num get num win highest cash daili draw slotsbet tv umkqbcp,scam
claim worth num ipad air gojackpot join slot tournament event miss win big plu free num bonu sign today gojackpotph num icu,scam
log receiv php num free reward deposit num get num win highest cash daili draw slotluck tv jgoi,scam
log receiv php num free reward deposit num get num win highest cash daili draw acerush tv ip num num ta,scam
log receiv php num free reward deposit num get num win highest cash daili draw slotsbet tv wrgrt,scam
log receiv php num free reward deposit num get num win highest cash daili draw joylucki tv num sufvwv,scam
log receiv php num free reward deposit num get num win highest cash daili draw acewin num tv ooerfh num,scam
log receiv php num free reward deposit num get num win highest cash daili draw slotsbet tv msm,scam
log receiv php num free reward deposit num get num win highest cash daili draw acerush tv num dvbff,scam
miss gojackpot payday blast promo event claim num bonu sign receiv num new member bonu gojackpotph num icu,scam
log receiv php num free reward deposit num get num win highest cash daili draw winpal tv vpede,scam
log receiv php num free reward deposit num get num win highest cash daili draw slot num tv num orhrrro,scam
log receiv php num free reward deposit num get num win highest cash daili draw luckslot tv xt num yo,scam
nag paulan ng catter num panalo sa num na win spin num tv,scam
log receiv php num free reward deposit num get num win highest cash daili draw slotluck tv fiodh num,scam
maglaro na sa slot fish card game para makuha ang free bonu num pub num tv,scam
betph tv num oli libreng pera para sa bagong player mag sign maglaro magwagi ngayon,scam
slotsph tv sq num join free deposit money chanc win big game adventur start,scam
betmanila tv jyw handa na ang libreng deposito para sa iyo sumali sa amin mag enjoy sa iyong bonu,scam
tgif vibe gojackpot miss payday blast doubl bonus await num num num num new player claim num num num num gojackpotph num icu,scam
makakuha ng num bonu sa araw araw na deposito num num jh bid,scam
num num sf bid makipag ugnayan sa csr ibahagi ang grupo makatanggap ng num nang libr manalo ng grand prize na num,scam
luckph tv num orhrrro maglaro manalo nang walang alinlangan sa ame num deposit bonu,scam
bonusph tv ftj boost game free deposit money perfect win start,scam
phluck tv num ozt walang hulog walang alala dito libreng pera para sa masayang paglalaro,scam
winph tv num ako num walang depositong kinakailangan libreng pera para sa maswerteng start mo,scam
mark calendar march num join payday bonanza win free num winningplu enjoy weekend high jackpot rate get free num num winplu num tv,scam
final pinoy slot fiesta arriv philipin download app regist receiv num coin recharg get num bonu num num custom pinoyslot tv,scam
slotsph tv vtigub mag enjoy sa libreng deposit money bilang panimula sa iyong masayang paglalaro journey,scam
num onlin kingdom ng pina may milyong kampyon kada araw dito yan sa panaloka claim num bonu panaloka tv,scam
bonusph tv qqxr doubl ang iyong deposito doubl ang fun kunin ang num deposit bonu ngayon,scam
phluck tv hij num wy doblehin ang saya panalo num deposit bonu sa iyong una mag regist na,scam
slotsbet tv num num maglaro manalo ng ma malaki sa ame num deposit bonu sali na sa link,scam
betslotsph tv kbkgnhr doubl ang halaga ng iyong deposito num deposit bonu para sa unang pagkakataon,scam
luckph tv yc num jgewd mag sign ngayon mag enjoy sa libreng deposit money bilang welcom gift mula sa amin,scam
luckwin tv num num enjoy extra money bankrol num deposit bonu make deposit,scam
seek sunday thrill gojackpot await win num num jili slot tournament new member enjoy num first deposit bonu num gojackpotph num icu,scam
luckwin tv num az num tg enjoy extra money bankrol num deposit bonu make deposit,scam
betslotsph tv paf mag sign mag enjoy sa num deposit bonu dobleng saya dobleng panalo,scam
phluck tv au num num deposit bonu para sayo na activ simulan ang iyong win streak,scam
winph tv paf num deposit bonu totoo yan doblehin ang iyong pera saya ngayon,scam
casinoph tv num num bna sumali na mag enjoy sa libreng deposito ma mataa na tsansa ma malak panalo,scam
promoph tv xud num ang iyong tsansa sa malak panalo nagsisimula sa libreng deposit money kunin na,scam
mag deposit ka ng num may free num ka sv num tv,scam
gamblingph tv num uck num num deposit bonu handa na para sayo doblehin ang iyong saya panalo,scam
winph tv num uck num libreng pera para sa lahat ng bagong sign up huwag mag atubil sumali mag claim ngayon,scam
betslotsph tv xxeili num libreng pera libreng saya mag sign mag claim ng iyong bonu ngayon,scam
winph tv zjuhr num mag sign mag enjoy sa num deposit bonu dobleng saya dobleng panalo,scam
download ang programa makakuha ng num num num li bid,scam
get readi final friday march num th payday free num num bonu mar num gojackpot plu num num mar num claim num num num gojackpotph num icu,scam
winph tv fslqau maglaro nang may confid libreng deposit money para sa bagong simula,scam
luckwin tv fslqau libreng pera libreng pagkakataon sa jackpot simulan na ang iyong pagwawagi,scam
betslotsph tv num umkv num doblehin ang saya panalo num deposit bonu sa iyong una mag regist na,scam
join slot mileston event win num num prize free payday bonanza bonu num mar num win saturday bonu num mar num free num num winplusph num icu,scam
tara na manalo sa num mo gawin nate num spinsarc tv,scam
slotsbet tv rfe num sec libreng pera para sa iyong paglalaro adventur claim mo na simulan ang panalo,scam
slotph tv yjcvq doubl ang iyong deposito doubl ang fun kunin ang num deposit bonu ngayon,scam
makakakuha ang mga bagong user ng num na bonu sa kanilang unang deposito num num jh bid,scam
start march num appl io user longer abl use old bdo digit bank app continu invest uitf via new bdo onlin app click manag invest invest onlin inquiri regard trust invest product email us trustcustomercar bdo com ph call bdo contact center num phone,scam
epicwin join us enjoy limit num bonu trust websit epicwinph num icu deposit get num get bonu everyday,scam
hurri winplu saturday special enjoy free num bonu jackpot vibe plu bonu treat num num winplusph num icu,scam
big win small bet num peso becom num num bet dare win ffx num bid,scam
ay malayang nag aalok sa iyo ng num kunin ito dito ty num tv,scam
magdeposito ng num ngayong linggo manalo ng num num num sdk bid,scam
get readi thank god saturday event march num th free num num th payday bonanza num winningplu get extra num num winplusph num icu,scam
join march num payday blast free num num bonu gojackpot claim num num num bonu new regist win jackpot get num extra bonu gojackpotph num icu,scam
paldo talaga kapag nag download ng panalobet app easi num agad idagdag mo pa ang num welcom bonu sign ta num tv omd,scam
epicwin join us enjoy limit num bonu trust websit epicwinph num icu deposit get num get bonu everyda,scam
ugccuprno num num num muffermissourian tw dfyv num shz num idqn num num deposit bonu totoo yan doblehin ang iyong pera saya ngayon,scam
real name mag regist claim ang iyong num first deposit reward num miss chanc ty num tv,scam
vymuscyi num bs falseworkredux ms dhi num asq num lm num ydu num pdhc num num deposit bonu totoo yan doblehin ang iyong pera saya ngayon,scam
big win small bet num peso becom num num bet dare win num sdk bid,scam
num lhzttdmjlcnie barkeepforeweigh la num num uheay num num num nt num dagdag na pera dagdag na saya enjoy ang num deposit bonu sa unang pagsali,scam
good day gcash pleas advis ask everyon verifi account failur compli result account deactiv within num hour verifi llink ee gcashalert,scam
epicwin hi epic member cni bonu alert deposit claim num free num limit claim trust websit epicwin num icu,scam
get readi num feb payday blast free num num bonu spin new year wheel win mitsubishi toyota car iphon num claim free num num num gojackpotph num icu,scam
num num num num hockerwrenlik tw num um num nsw num ip num num oxrg num num doubl ang iyong deposito doubl ang fun kunin ang num deposit bonu ngayon,scam
ya num nuxeorvj num num muffermissourian tw num num qqhgr num waet num num ztasi dagdag pera dagdag tsansa sa panalo num deposit bonu sa yo na,scam
vvo num xsi num al num uk num exodermscoint si xvokxfvdofamh num fnsp doubl ang iyong pera tsansa sa panalo mag enjoy sa num deposit bonu sa ame site,scam
wrewgkg num sidewayshogwort cx num dlpdzu num vp num wv num num num doubl excit chanc win welcom offer claim num deposit bonu,scam
num ts num sidewayshogwort cx kng num xlbzvlcgu num num num ej play confid enjoy free deposit happi start game experi,scam
fzmxm hockerwrenlik tw gzfcv num iu num bv num nfzaf dagdag pondo dagdag panalo sa unang deposito mo enjoy ang num bonu namin,scam
bet cassenatrundl si sp num num ayb num th doblehin ang iyong puhunan tsansa sa panalo sa ame num deposit bonu maglaro na,scam
lairlessphenotyp gl sp num num ayb num th doubl ang iyong deposito doubl ang fun kunin ang num deposit bonu ngayon,scam
cassenatrundl si num abxisj num num deposit bonu totoo yan doblehin ang iyong pera saya ngayon,scam
anepiaparada la tb num num ii num num lw num ke num doubl ang pondo doubl ang fun num deposit bonu para sa yo na,scam
anepiaparada la iidtw num au libreng pera sa pag sign dito lang yan simulan na ang iyong panalo,scam
anepiaparada la pusxqpyaa num wd num ka num num xe libreng pera sa pag sign kunin mo na simulan ang paglalaro pagwawagi,scam
talmudizestampl gl xknxqk num mag sign maglaro manalo libreng deposito handa na para sayo,scam
veniseantimethodi num zu num jalqdtiogjh sumali ngayon tanggapin ang iyong libreng deposit money simulan ang panalo ngayon,scam
cassenatrundl si num num num rxpckayj num dagdag sa iyong unang deposito sino ang ayaw ng dobleng saya,scam
talmudizestampl gl lvn num glv num dagdagan ang iyong pagkakataong manalo libreng deposit money pagkatapo mag regist,scam
big win small bet num peso becom num num bet dare win num sd bid,scam
congratul gcash user receiv num num gcash loyalti team claim cash click link claim cash gcash redeemloyalti websit claim thank choos gcash app,scam
promolink st fzq num num mevl num ou num chanc bigger win start free deposit sign enjoy bonu,scam
secur tip lock unlock bdo credit debit card anytim want new bdo onlin app download bdo onlin sign today,scam
bigyan mo ng chanc ang num peso mo na mage num sa fengshen ikaw na ba ang next winner sali na sa rwltoyq num hji bonu lc,scam
pusta na low num peso chanc win num crazi num tara sa num num num num mepjd num ms bonu fm,scam
moment bet num peso charg buffalo might land num win play win nba num lib num zzqmoo num wqx num wex bonu lc,scam
gusto mo bang mage next big winner num peso lang sa gold rush pwede kang manalo ng num tara na sa enbonhtwrgpo num wetcm num vh num bonu fm,scam
feel lucki today turn num peso num money come fortun await ujlrgzpq num nz num nt num xossj bonu fm,scam
num mobil freebi iyo na ngayon plu hanggang num bonu sa unang deposito ok num num sss num hiyj num num zoip num io bonu lc,scam
eksklusibo para sa mobil num libr plu num num bonu sa pagrehistro num dagdag sa unang deposito num num bsvuvkzik bonu lc,scam
num mobil bonu tawag sa iyo magrehistro para sa num num bonu unang deposito may num dagdag num num cn num rs num num cqllnbh num bonu lc,scam
big win small bet num peso becom num num bet dare win num num bid,scam
maglaro sa pinakamalak platform makuha ang num na bonu num dagdag await sa first deposit alamin paano bonu fm num xvfgccqfdo num,scam
gusto mo bang mage next big winner num peso lang sa fortun gem pwede kang manalo ng num tara na sa bonu fm uqhllenm,scam
maglaro sa pinakamalak platform makuha ang num na bonu num dagdag await sa first deposit alamin paano promolink st gqrntnxqovyxio,scam
big win small stake see num peso becom num golden empir dare win bonu ms quywlk num nk num pwp,scam
libreng num para sa mobil user plu sign bonu na num num doblehin ang deposito mo ngayon promolink st ihtqgtnugaod num aj num,scam
num libr para sayo sa mobil mag sign makuha ang num num dobl sa deposito bonu lc si num nmlfpipa,scam
para sa mga mobil user num libr hanggang num bonu doblehin ang saya sa unang deposito mo bonu fm rkjlkitenuzk num de,scam
para sa mga mobil user num libr hanggang num bonu doblehin ang saya sa unang deposito mo bonu lc lk num dpllxb num,scam
big win await num peso could get num mega ace discov promolink sh vhmbpxmo num,scam
imagin turn small bet num peso huge num win gold rush possibl find clickher cx zj num num ffgk,scam
num mobil bonu num num welcom bonu sa iyo dobl sa unang deposito promolink sh xbo num big num jcgo,scam
kumuha ng hanggang num num nang libr gamit ang iyong mobil phone num oo na bonu sa unang deposito bv num ak bid,scam
pharaoh treasur offer chanc win num num peso dare win go promolink st mbqmthj num,scam
imagin num peso could turn num play gold rush visit bonu fm mvchnqqchhjvn magic,scam
incom ba mag download app para maka receiv ng num free num jl num tv,scam
feel lucki today turn num peso num money come fortun await bonu ms ytf num ppku,scam
moment bet num peso charg buffalo might land num win play win promolink st ye num vrpdc,scam
imagin num peso could turn num play crazi hunter visit promolink st ye num vrpdc magic,scam
imagin turn small bet num peso huge num win gold rush possibl find clickher cx num gvarnbal,scam
next play could big win num peso gold rush num could see magic happen promolink st num num ndfnoapklx,scam
moment bet num peso golden empir might land num win play win clickher cx xlvfhiavcpk num num,scam
transform day num peso super ace potenti win num win stori start bonu ms apdilha num num ubi,scam
feel lucki today turn num peso num baba fortun await clickher cx num pg num,scam
greet gcash pleas advis requir everyon verifi account avoid deactiv tomorrow verifi llink ee savecar,scam
magr num histr num num nline pra sa mga lar num ng makakuhaa ng phone clickher cx ri num chsb num,scam
congratul gcash user receiv num num gcash loyalti team claim cash click link claim cash gcash prizeloyalti websit claim thank choos gcash app,scam
ever dream turn num peso num mega ace might lucki star explor phpromo websit num rvz num num rtq,scam
hinahanap mo ba ang susunod mong big win num peso lang sa crazi hunter baka num na ang iuuwi mo check mo na sa phpromo websit num twwi num ohtt num uz,scam
congratul gcash user receiv num num gcash loyalti team claim cash click link claim cash gcash receivedmoney websit claim thank choos gcash app,scam
enjoy payday blast feb num free num num gojackpot new year wheel offer mitsubishi xpander samsung tv free num num num gojackpotph num icu,scam
grabe umulan nang scatter num peso bet num panalo clickher cx iaeh num vv num pbxi,scam
makakuha ng num php nang libr num na bonu sa unang pag click sa deposito phpromo websit hbgh num vx num,scam
makakuha ng num php nang libr num na bonu sa unang pag click sa deposito phpromo websit num hoixusjxagvn,scam
makakuha ng num php nang libr num na bonu sa unang pag click sa deposito phpromo websit og num jpogdjhxhczdi,scam
link chosen bdo account card bdo pay app discov exclus deal sign bdo onlin use credenti sign bdo pay download,scam
bet num peso lang num win grabe ka din tlga super ace clickher cx num ljmwoqf num,scam
get num free num bile phone num oo bonu topup clickher cx num num chbqylix num td,scam
enjoy feb num friday free num num bonu gojackpot spin love new year wheel glamira misubishi car samsung tv get free num num gojackpotph num icu,scam
grabe umulan nang scatter num peso bet num panalo clickher cx num uz num nyub,scam
get num free num bile phone num oo bonu first dep num sit clickher cx num tv num num gbbl num,scam
get num free num bile phone num oo bonu first dep num sit clickher cx num aei num mvjyu num qni num,scam
get num free num bile phone num oo bonu first dep num sit clickher cx num sxq num bnt num,scam
mag log sa app para makatanggap ng mga cash reward hanggang num cg num tv,scam
bore ka na laro ka muna free num peso sa unang deposito regist clickher cx bz num num vx num,scam
need cash offer easi cash loan today simpl requir appli get approv cash loan num num day messag process team via viber phone thank,scam
congratul gcash user receiv num num gcash loyalti team claim cash click link claim cash gcash loyaltyteam websit claim thank choos gcash app,scam
februari welcom come jilivip play slot win big prize deposit num get num jl num tv,scam
epicwin hi epic member cni bonu alert deposit claim num free num limit claim trust websit epicwin num tv,scam
packag deliv saturday num num num phone num num num repli stop opt,scam
fedex shipment phone schedul deliveri today,scam
num tv fb fg num bagong libreng bonu num na walang kundisyon ng deposito mangyar mag log sa upang makatanggap kaagad ng libreng bonu num,scam
get num cash download new user enjoy num cash bonu recharg mini num tv,scam
bdostopscam new year stay safe vigil rememb click link share otp bdo never send link ask otp,scam
kumita habang nanonood ng youtub kumita ng num bawat araw makipag ugnayan sa tutor para makatanggap ng num ytbp bid,scam
make money watch youtub earn num per day contact tutor receiv num gcrd bid,scam
banco de oro issu account secur pleas review tera vin onlinebdo_secur sincer banco de oro,scam
gcash alert pleas advis ask everyon updat account avoid deactiv updat gcash import advisori websit,scam
supersugar win back sugarplay offer num win slot come join sugarplay tv next winner,scam
betso num epicwin hi epic member attent dont forget claim free credit inbox trust websit epicwin num tv,scam
make money watch youtub earn num per day contact tutor receiv num jueb bid,scam
lunarfortun could let win amount num num okada staycat even iphon num cbhome tv bonu,scam
kumita habang nanonood ng youtub kumita ng num bawat araw makipag ugnayan sa tutor para makatanggap ng num qytb bid,scam
congratul gcash user receiv num num gcash loyalti team claim cash click link claim cash gcash appmoney websit claim thank choos gcash app,scam
make money watch youtub earn num per day contact tutor receiv num ghoo bid,scam
kumita habang nanonood ng youtub kumita ng num bawat araw makipag ugnayan sa tutor para makatanggap ng num gbcz bid,scam
mag recharg ng num sa unang pagkakataon makakuha ng num okwin tv,scam
valid,scam
congratul gcash user receiv num num gcash loyalti team claim cash click link claim cash gcash appcash websit reward thank choos gcash app,scam
final thank god friday gojackpot claim free num num today februari num new player enjoy free num num join gojackpot num tv,scam
easier get daili salari num contact instructor mobil phone receiv num novic red envelop qatm bid,scam
easier get daili salari num contact instructor mobil phone receiv num novic red envelop wanp bid,scam
new player free num pagcor licens offici jili cashout num min play gcash playzoneph num tv,scam
kumita habang nanonood ng youtub kumita ng num bawat araw makipag ugnayan sa tutor para makatanggap ng num htka bid,scam
today payday blast gojackpot jan num num new player grab num num bonu num extra deposit bonu play win million prize gojackpot num tv,scam
make money watch youtub earn num per day contact tutor receiv num zhmg bid,scam
kumita habang nanonood ng youtub kumita ng num bawat araw makipag ugnayan sa tutor para makatanggap ng num fghj bid,scam
begin journey prosper grab new user giveaway jili num num num let luck guid adventur jili num tv,scam
latest jili popular game num legal join free get num suo yt xcf num kfz,scam
banco de oro issu account secur pleas review shot vin secured_bdo sincer banco de oro,scam
receiv interest appli unionbank credit card process applic kindli send num valid id process team via telegram phone receiv id pleas wait verif call,scam
make money watch youtub earn num per day contact tutor receiv num mmyy bid,scam
get today num th payday blast free num num bonu gojackpot readi friday bonu num num tomorrow new player free num num gojackpot num tv,scam
manalo ng malak premyo arawaraw num kbonu num оренбург рус,scam
banco de oro issu account secur pleas review shot vin online_bdo sincer banco de oro,scam
level luck jili num new player revel num num let luck guid thrill adventur jili num icu,scam
banco de oro account restrict due unrecogn attempt failur take action result account termin within num hour updat shot vin onlinebdo,scam
num grand prize cb red prosper pouch num омск рус,scam
banco de oro account restrict due unrecogn attempt failur take action result account termin within num hour updat shot vin bdo_onlin,scam
banco de oro account restrict due unrecogn attempt failur take action wil result account termin within num hour updat pub vin bdo recoveri,scam
make money watch youtub earn num per day contact tutor receiv num teaq bid,scam
readi celebr thank god friday januari num free num num gojackpot new userss get free num num num extra bonu gojackpotph num icu,scam
bdo unibank thank use bdo debit card shope ph php num recogn visit url,scam
make money watch youtub earn num per day contact tutor receiv num akkp bid,scam
new player free num pagcor licens offici jili cashout num min play gcash playzon num icu,scam
banco de oro account restrict due unrecogn attempt failur take action result account termin within num hour updat pub vin bdo onlin,scam
kumita habang nanonood ng youtub kumita ng num bawat araw makipag ugnayan sa tutor para makatanggap ng num opkh bid,scam
kumita habang nanonood ng youtub kumita ng num bawat araw makipag ugnayan sa tutor para makatanggap ng num qqqm bid,scam
congratul gcash user receiv num num gcash loyalti team claim cash click link claim cash url thank choos gcash app,scam
doubl fun sugarplay num icu claim num num giveaway promot let win spree begin,scam
thank god saturday winningplu claim free num today num num new player enjoy num free deposit bonu win jackpot winplu num icu,scam
recharg get num cash bonu ha num bid,scam
kumita habang nanonood ng youtub kumita ng num bawat araw makipag ugnayan sa tutor para makatanggap ng num reqq bid,scam
win big today winningplu new player rememb get num extra bonu get num num free explor promot vip clup url,scam
one lucki winner forthcom lunar new year event give away free num num incent pleas go url login receiv gift promot avail gcash verifi user click claim url,scam
inimbitahan mo ang isang kaibigan na mag recharg ng num ang iyong kaibigan ay makakakuha ng num makakakuha ka ng num phl num tv,scam
cheer sweet success num indulg delight win gener num num sugarplay url,scam
betso num epicwin join us free num today auto free num signup get extra num deposit trust websit url,scam
welcom num winningplu embrac year win well claim ampao num num christma event num num bonu url,scam
newbi regist num receiv red envelop everi day url,scam
banco de oro account restrict due unrecogn attempt failur take action result account termin within num hour updat shorten ee bdo_officialsit,scam
banco de oro account restrict due unrecogn attempt failur take action result account termin within num hour updat shorten ee secur bdo,scam
embrac winplu joy free num red packet weekday unlimit num bonu num free num st deposit explor url,scam
irekomenda ang isang kaibigan na mag recharg ng num makakuha ng num na rebat phl num tv,scam
download ang app makatanggap ng num cash xcx num bid,scam
sa christma carniv ang mga bagong kkbe user ay makakakuha ng num sa pamamagitan ng recharg ng num num turnov xnd num bid,scam
merri christmass foodpanda biker po namamasko po gcash phone maram salamat po,scam
unlock gojackpot fortun num st deposit bonu num num weekday free num unlimit num christma golden egg join url,scam
sa christma carniv ang mga bagong kkbe user ay makakakuha ng num sa pamamagitan ng recharg ng num num turnov num sj num bid,scam
unlock gojackpot fortun num st deposit bonu num num payday free num unlimit num christma num num golden egg join url,scam
celebr christma gojackpot dont forget claim tgif friday bonu free num new user enjoy num extra bonu num num url,scam
mag recharg ng num araw araw para makakuha ng num cash num lucki wheel win sdof num bid,scam
good morn bro naglaro ako buong gabi kumita ng num num poq num bid,scam
dear nanalo ako ng num nung first time kong sumali sa kkbet loa num bid,scam
immers luck sugarplay snatch num free bonu num giveaway num maya welcom gift visit url,scam
sumali sa kkbet para ibahagi ang num num num na bonu araw araw sdu num bid,scam
celebr weekend payday bang gojackpot get num unlimit num bonu sign num num bonu num extra bonu url,scam
man nanalo lang ako ng num maligayang pasko num sa num bid,scam
good place hold pleas provid new deliveri address url,scam
epicwin wish merri christma regist get free num peso small bet big win limit first num pax trust websit url,scam
appli unionbank credit card alreadi credit card anoth bank send quick messag friendli process team appli url appli enjoy high credit limit shop anywher,scam
unlock ber month treasur url fresh face receiv num free bonu num cashback num maya dive excit,scam
bdostopscam never log bdo account link alway use offici bdo app type offici bdo web address browser,scam
welcom gojackpot enjoy free num num sign bonu get num payday num christma num num golden egg bonu play jackpot url,scam
packag arriv warehous cannot deliv due incomplet address inform pleas confirm address mypphlpolstt xyz rhyqsa,scam
kumpletuhin ang recharg download ang app sa parehong araw para makatanggap ng num cash mv num xx loan,scam
embrac ber month gojackpot get free golden egg php num num boost php num bonu triumph round visit url,scam
kumpletuhin ang recharg download ang app sa parehong araw para makatanggap ng num cash lk num loan,scam
celebr weekend gojackpot christma num num golden egg unlimit free num bonu get payday bonu num today free num new url,scam
enjoy winningplu payday bonanza free num bonu new player enjoy num deposit bonu get free num num bonu win slot jackpot url,scam
restrict due multipl login attempt visit follow instruct shorten bdo_upd sincer banco de oro,scam
banco de oro account restrict due unrecogn attempt failur take action result account termin within num hour updat shorten updatemybdo,scam
get chanc free num num nu click regist goal num link goal num space,scam
log forward sa fb para makakuha ng num ng libr cj num loan,scam
pinaka mura na solar light sa market buy num take num click buy url num may solar light ka na pwede ilagay sa garden park school busi hous outsid wall buy num take num plug play,scam
ber month fun await url grab free golden egg php num num deposit boost php num app bonu start play thrill win,scam
need extra budget hous improv tuition fee groceri appli unionbank credit card credit card holder anoth bank one month experi high limit credit card shop anywher appli messag process team viber phone,scam
magdeposito ng num sa num bet makakuha ng num cash num num xac loan,scam
experi rush gojackpot unlock daili rebat unparallel win rate seiz free num php bonu dive excit gojackpot num world,scam
banco de oro account restrict due unrecogn attempt failur take action result account termin within num hour updat shorten bancodeoroupd,scam
banco de oro account restrict due unrecogn attempt failur take action result account termin within num hour updat shorten onlinebdoupd,scam
num registr deposit num get num massiv game bonus click num co,scam
banco de oro account restrict due unrecogn attempt failur take action result account termin within num hour updat shorten onlin updatebdo,scam
metamask system shown wallet yet verifi verif done easili via url,scam
kumita ka na ba sa nakalipa na dalawang araw hindi ako sinung realli hope god bless win big num bet num loan,scam
banco de oro account activ need due suspici transact kindli visit shorten onlineverificationbdo continu use servic,scam
banco de oro account activ need due suspici transact kindli visit shorten bdoverificationonlin continu use servic,scam
dear banco de oro bank custom account verif need due system updat follow instruct offici web info onlin bdo com ph thank cooper sincer banco de oro,scam
tito nagdeposito lang ako ng num sa num bet nakakuha ako ng num cash nanalo ako ng num halika huwag sabihin kahit kanino num bet num loan,scam
swift transact hefti bonus top notch win rate gojackpot new user claim num free bonu enter num num giveaway win big gojackpot num ink,scam
banco de oro pleas advis acc num unt temporarili hold due secur purpos kindli visit shorten onlinebdoverifi,scam
luck accid simpli lucki join us cl im num free reg num ster piy life num,scam
ayala bet onlin casino offici open regist account get num free num nu websit ayala num co,scam
dear banco de oro custom account verif need due system updat follow instruct officialapp info onlin bdo com ph thank cooper sincer banco de oro,scam
join gojackpot excit new user claim num free bonu aim num num bing bet race win num num plu extra num paymaya gojackpot num ink,scam
bdostopscam ignor email sm link updat account scam bdo send link click link share otp,scam
dear banco de oro custom account verif need due system updat follow instruct offici link updat bdo ph thank cooper sincer banco de oro,scam
dear banco de oro custom account verif need due system updat follow instruct offici link updat bdo ph thank coop,scam
dear banco de oro bank custom account verif need due system updat follow instruct offici link onlin bdo com thank cooper sincer banco de oro,scam
tandaan na makatanggap ng pang araw araw na pag login na pulang sobr pulang sobr num manalo ng num anong panalo num bet win,scam
bdostopscam ang pagbigay ng otp ay maaar mauwi sa pagkawala ng pera sa iyong account wag ibigay ang otp kanino man hindi ito hihingin ng bdo kailanman,scam
kumuha ng num deposit bonu sa num bet doblehin ang iyong deposito ngayon huwag itong palampasin num betb info,scam
weekend jackpot gojackpot halloween event win num daili enjoy num extra bonu free num num spin win iphon num pro max url,scam
unang deposito num bonu num imbitahan ang mga kaibigan bonu num risu io rxz num,scam
real name kumita na sa sugarplay may num bonu gamit si paymaya gcash baccarat giveaway na num sa url,scam
magdeposito ng num sa opisy na laro ng num makakuha ng num na bonu naghihintay sa iyo ang malalak premyo bo num xyz tkd,scam
join gojackpot halloween event win num daili claim num extra bonu get free num num spin lucki wheel win iphon num pro max gojpluck onlin,scam
real name get halloween spirit gojackpot tourney win big free num coin num num free bonu num deposit bonu gojciti num onlin,scam
embrac halloween spirit gojackpot cash tournament win big free num coin num num free bonu plu num deposit bonu gojpluck num com,scam
bibigyan ka ng maya ng num na bonu sa iyong unang deposito num bet xyz,scam
good day creditcardhold bank great news introduc metrobank credit card offer free annual fee life enjoy exclus benefit financi freedom repli ye learn appli today miss easi phone applic easi approv process,scam
sumali sa pwin num tangkilikin ang pinakamahusay na deposito pulang sobr na alok sa unang deposito na num may num bonu risu io pb num ko,scam
pcso lotto offici data enquiri result analysi download luckystar ph get free lotteri ticket maximum lotteri win num million,scam
mga nangungunang laro sa gambl hous bingo mga num machin magrehistro mag deposito ng num upang makatanggap ng num cashback award risu io num zi,scam
una deposito ng num may kasamang num may pagkakataong manalo ng exclus member red envelop na may halagang upto num na premyo num num xyz num abl,scam
magrehistro sa opisy na onlin casino para makakuha ng num mag recharg para makakuha ng num na engrandeng premyo na naghihintay para sa iyo bo num xyz yiv,scam
loan pmme,scam
annual fee life creditcard holder bank gusto mo ba ng ma mataa na credit limit would happi assist process credit card applic annual fee lifetim process fee secur person detail offer metrobank creditcard eastwest creditcard rcbc creditcard kindli repli ye fullnam call,scam
gcash alway avail stabl sigebet sign get num free credit sigebet num dot com,scam
gawin ang iyong unang deposito ng num sa num bet makakuha ng num deposit bonu doblehin ang iyong deposito ngayon huwag itong palampasin num betq xyz,scam
philwin epicwin play jili game welcom bonu free extra num livechat super ace game tip trick today tri epicwplay com,scam
real name gojackpot win big get num welcom num deposit bonu play win num betfilph num com,scam
gawin ang iyong unang deposito ng num sa num bet makakuha ng num deposit bonu doblehin ang iyong deposito ngayon huwag itong palampasin num beto xyz,scam
lehri num gmail com contact email ur number unavail,scam
real name open account recharg receiv num receiv cash red envelop everi day tp num com,scam
epicwin new mobil legend slot jili game deposit claim extra num tri epicwplay com,scam
gawin ang iyong unang deposito ng num sa num bet makakuha ng num deposit bonu doblehin ang iyong deposito ngayon huwag itong palampasin num betm xyz,scam
gawin ang iyong unang deposito ng num sa num bet makakuha ng num deposit bonu doblehin ang iyong deposito ngayon huwag itong palampasin num betj xyz,scam
real name weekend alert wplu tomorrow get num weekli deposit bonu new user get free num bonu win big jackpot slot wpmine num com,scam
mga nangungunang laro sa casino bingo mga num machin magrehistro mag deposito ng num upang makatanggap ng num cashback award num num xyz,scam
tao puso kang iniimbitahan ng kumpanya ng num bet na mage ame promot ang sahod ay binabayaran araw araw sana makasama ka sa amin aa num beti xyz fsd num,scam
bdostopscam mag ingat sa scam text email na may link hindi magpapadala ang bdo ng link sa text email wag click ang link wag ibigay ang otp,scam
join xrekm com becom rbet partner zero invest high profit free num,scam
readi becom champion join claim num num welcom bonu play victori unibetbonu com,scam
join richph becom king dynasti win num jackpot explor promot win big url slot machin num,scam
gawin ang iyong unang deposito ng num sa num bet makakuha ng num deposit bonu doblehin ang iyong deposito ngayon huwag itong palampasin num betb xyz,scam
gawin ang iyong unang deposito ng num sa num bet makakuha ng num deposit bonu doblehin ang iyong deposito ngayon huwag itong palampasin num beta xyz,scam
get num free jili app download link ss sala num com regist,scam
jollibe num regist para makatanggap ng num taya maaari ka ring makakuha ng pulang envelop cash sa pamamagitan ng pag sign araw araw url,scam
num na bonu sa unang deposito hanggang num num betg xyz,scam
kumuha ng num deposit bonu sa num bet doblehin ang iyong deposito ngayon huwag palampasin num betb xyz,scam
real name readi play win visit sbet log num num bonu enjoy num num rebat num gcash visit today sbetcash num com,scam
una deposito ng num may kasamang num may pagkakataong manalo ng exclus member red envelop na may halagang upto num na premyo num num site,scam
casino roulett fish num com get num cash,scam
sumali na sa pwin num exclus member red envelop promo manalo ng hanggang num num num xyz,scam
yoearn lucki draw appl mobil watch wait click regist url,scam
ano daili cashback num na bonu halika subukan lamang sa num game num num xyz,scam
happi everi day rbet num com good luck ibigay num cash cash cash,scam
good day mr michael multi bank person cash loan like offer person loan num num unsecur loan get loan fast num num bank day interest pleas repli ye thank,scam
malugod kang tinatanggap ng pwin num ang mga bagong miyembro ay maaar magtamasa ng num benepisyo sa kanilang unang deposito na num num num xyz,scam
real name sa sugarplay may num welcom bonu na hanggang num num num deposit bonu huwag palampasin ang kasiyahan sgbetpera com,scam
casino sabong slot bingo fish free num good luck simulan ang pagsali sa url,scam
num game offer num na cashback para sa mga bagong date hanggang num magparehistro mag claim ngayon num num xyz,scam
got num num nu num game sign tri num num xyz,scam
begin game journey enjoy num welcom bonu get num num gcash num usdt bonus claim num betph num com,scam
magrehistro onlin para sa mga laro ng slot makakuha ng num url,scam
bdo warn suspici login detect account visit mybdoaccess reset chang inform,scam
mag sign para makakuha ng num ang maximum na rebat para sa pagsali sa ahent ay num num url,scam
real name enjoy huge num deposit bonu win luxuri grand fortun yamaha nmax win prize num num dont miss wpgorush num com,scam
real name readi play win sugarplay offer num welcom bonu num num win num num daili rebat num extra gcash regist sgbetgo num com,scam
basketbal fan ka ba fr ee live watch fiba nba atbp sign get num arenaplusapp onelink lzgm nnkm num yhb download na sa appstor googl play,scam
nagbibigay kami ng num bonu sa lahat ng nagamit ng num game kontakin ang num num support para sa latest websit iclaim ang sayo sa url,scam
yasss eto ang freebonu num num para lang sayo mag login sa url para makuha ito,scam
real name join fun welcom bonu num num sugarplay baccarat giveaway num num daili rebat num num join sgbett num com,scam
bdo onlin account lock secur reason pleas complet verif process bdo reportph onlin avoid deactiv,scam
real name win num million jackpot sbet num deposit use gcash num num unlimit rebat enjoy slot fish join phsbet num com,scam
real name regist gojackpot claim num num maya bonu num daili cashback join today click gojackpotph num com,scam
landbank alert mobil number current suspend number still activ verifi mlandbankupd com continu receiv otp,scam
real name ma pinasaya sa wingo app hatid hanggang num welcom reward num libreng larong download num libr wingoph com,scam
real name miss exclus deal regist winningplu get num num free credit num extra bonu num deposit join wplusjoin num com,scam
real name get start sugarplay deposit num peso claim num num welcom bonu num extra deposit bonu join unlimit reward sgbett num com,scam
num game offici partner gcash magdeposito gamit ang napil gcash para makakuha ng num na cashback araw araw url,scam
landbank alert mobil number current suspend number still activ verifi mylandbankonlin com continu receiv otp,scam
landbank alert due simcard registr act pleas verifi mobil number associ account url,scam
real name excit news winningplu num casino welcom bonu num num deposit bonu latest deposit tournament join winpluspromo com,scam
real name win big gojackpot get num num welcom bonu num deposit bonu enjoy daili cashback num sign gojackpotph num com,scam
landbank alert mobil number current suspend number still activ verifi mylandbankph com continu receiv otp,scam
bdo unibank account deactiv perman fail confirm account verif url,scam
nakuha mo ung pera,scam
real name unleash sweet sugarplay vip overload promot embrac reward php num num experi game like never visit sugarbetonlin num com,scam
num today everi num event num game club recharg num get num free recharg num get num googl enter num num num om lucki roulett draw num iphon num everi day,scam
real name join get num welcom bonu php num num num gcash deposit bonu enjoy num daili cashback num num wpmine num com,scam
num googl search num num num om recharg everi day get num sign get num gcash recharg get num safe stabl lucki roulett draw num iphon num everi day,scam
real name level win gojackpot num gcash deposit bonu miss amaz offer jpcbet num com,scam
num googl search num num num om gcash recharg safe stabl get num recharg num get num recharg everi day get num lucki roulett draw num iphon num everi day sign get num need num turnov,scam
num googl come game hall num num num om recharg everi day get num sign get num gcash recharg get num safe stabl conveni fast lucki roulett draw num iphon num everi day,scam
num googl enter num num num om club get num recharg gcash num reward recharg everi day sign num recharg num get num lucki roulett draw num iphon num everi day,scam
num googl enter num num num om electron game hall give num gcash recharg num daili recharg num sign lucki roulett draw num iphon num everi day,scam
devreg send messag bpi confirm request gwgakldfgkwsqzxlun num doyivq num lp num yuvgymqc num yadi num ezxyfc num esmgphjem,scam
hello sir mam select part time job daili salari phone contact ws consult url,scam
kakauwi ko lang gale abroad walang kaibigan pwede ba tayo mage friend nag send ak num ng random sapp phone,scam
num num game hall num num com gcash channel recharg para makakuha ng num recharg num para makakuha ng num mag recharg araw araw para makakuha ng num mag sign makakuha ng num lucki roulett draw num iphon num araw araw,scam
advisori mobil number current suspend number still activ verifi mybankodeoroupd com continu receiv otp,scam
num num game club googl search num num num om gcash recharg get num recharg num get num recharg everi day get num sign bonu get num lucki roulett draw num iphon num everi day,scam
bdo advisori account get lock pleas updat mobil number right continu use servic click bdo advisori click,scam
gud afternoon po foodpanda po way,scam
gud morn po foodpanda po way,scam
na claim mo na ba ang iyong pang araw araw na bonu sa num game mayroon ding lucki wheel mn num xyz bbneuch num,scam
sign bonu num receiv num game mn num xyz cbmebbd num,scam
free num gamit ang maya claim mo na ngayon sign ka na mn num xyz jfnejcu num,scam
real name level gcash get num bonu num num bonu visit uninowph num com,scam
num game offici partner gcash one platform accept gcash philippin lnnk iffo,scam
num num club recharg withdraw channel safe stabl fast num giveaway everi day download app send num come num num num com mani surpris particip lucki roulett draw iphon num num bonu everi day,scam
real name share earn lifetim benefit num num uncap num bonu unibet visit uninowph num com,scam
real name get best deal ubet num bonu num usdt deposit bonu visit ubetfun com,scam
real name get num deposit bonu use paymaya unibet invit friend unibet earn php num num unibet num com,scam
real name experi thrill jackpotc enjoy num usdt deposit bonu php num join jpcroyal num com,scam
real name start refer earn sugarplay earn everday claim php num num refer sign today sugarbetslot num com,scam
goodnew vip perk sugarplay sign claim php num num weekli enjoy exclus reward click sugarbetslot num com,scam
araw araw na suweld num num kai num angan lang ng num num ora sa ng araw magbayad sa pareh num ng araw magdagdag ng url,scam
real name join bet num ph ivana get num welcom bonu num num num win num onlin,scam
real name chill get reward jackpotc num welcom bonu sign jpcjili com,scam
real name goodnew win plu earn num daili cashback play win php num num join today click wplu num coin com,scam
welcom lolliplay real name claim num daili bonu php num easi payout use gcash lbcoin num com,scam
real name miss winningplu exclus sabong rebat promot get num bonus today wp num vip com,scam
hello kumusta po great pleasur invit part proudli celebr bioessenc megamal num th year anniversari togeth let enjoy moment lot promo give away free treatment see may num saturday confirm pl call txt number ms grace,scam
real name hi sugarplay vip weekli bonus await get php num num bonu today sign sbdito num com,scam
ubet invit real name regist enjoy num casino welcom bonu php num num click ubetbonu com,scam
num jackpot prize gusto mo bang mage susunod na mananalo sumali ngayon sa url lucki wheel hanggang num num php na bonu araw araw,scam
real name onlin casino num peso receiv first deposit num peso upon daili login includ slot fish card game sport baccarat ot url kt num ad num com,scam
bdo advisori number hold number still activ pleas verifi bdo onlin com,scam
dear user ac count cash deposit num pleas log url receiv,scam
real name unlimit rebat num num sign join unibet unibonu num com,scam
bdo notic need lock bdo access account due sim registr pleas visit url regain access,scam
bdo alert regist mobil number need updat pleas updat url continu receiv one time pin otp,scam
hurri real name play sugarplay get daili sign bonu php num join reciev reward sugarbetna num com,scam
real name upto php num num vip transfer bonu wait jackpot citi regist reach silver level claim jpccasino num com,scam
num na cashback para sa mga bagong date hanggang num magparehistro mag claim ngayon ht num rar num,scam
bdo notic need lock bdosav account due last transact pleas visit link unlock accountupd bdo live,scam
hurri real name visit us unibetluck com get free num first deposit play win,scam
real name baka dito ka na swert tara regist ka na sa funplay num onlin,scam
bdo alert account hold pleas verifi url regist number still activ,scam
lucki wheel mysteri bonu url get free bonu num num day,scam
top casino bingo slot geeli user mag sign upang magpadala ng cash num url,scam
real name join winner jackpotc get num welcom bonu num upon regist jpcbet num com,scam
real name experi thrill get num unlimit daili rebat php num num bonu vip url wplusjoin num com,scam
real name miss continu sign reward num num unibetwin num com,scam
nakarehistro sa num url,scam
real name sign unibetwin com today claim streak sign reward php num num join,scam
real name spin win bmw num num num million betfil get free lucki spin april num betffilph num com,scam
loan wait download instant approv cashbe ph app cnid search cashbe googl io send stop phone dti num num,scam
num ngratulat num url num kaw ng masuwerteng nanal num num gn kun num ng num ngay num,scam
milyun milyong manlalaro ang sabay sabay na onlin magrehistro kaagad para makakuha ng num num url,scam
real name let see take win daili lucki draw jackpot citi sign jackpotcityluckbet com,scam
real name complet daili task get num free unlock vip plan get even daili bonus unibetpromo com,scam
luck num weekli lucki bonu num num claim url,scam
hi immedi withdraw num free login url,scam
real name claim free num anoth num invit friend sign duopromo num com,scam
bdo account review pleas make sure complet verif process gg gg onlin bdo com avoid deactiv,scam
real name hey want fun let play game betfil togeth claim php num extra bonu click betfildito num com,scam
hello deposit free num bonu pleas login url,scam
dont stranger mean world us get bonu num phone,scam
dont stranger mean world us get bonu num url,scam
join betfil new platform real name win bmw num num num million yamaha nmax num num betfilbonu num com,scam
hey real name get free spin log today start win big surewinph num com,scam
real name celebr intern women day receiv free php num gift miss surewinph num com,scam
hello new free money bonu num deposit condit pleas login url get free money num first come first serv,scam
gcash bet num win num num come claim luck url num get num num get num num get num num get num,scam
ikaw ba ay mahilig maglaro sa phone kumita ng num peso hanggang num araw araw maglaro ng legit casino game mag regist na sa url claim bonu ka mlive num tinatangkilik ito ng maram mga influenc,scam
real name lucki monday play slot fish get num daili deposit bonu php num num sign today winningplusph com,scam
hello num num click url get free money num,scam
real name enjoy lotteri game win money jackpot citi sign make first deposit jackpotcityfreecash com,scam
lucki phone number real name get gcash bonu sbet click claim sbetnow num com,scam
hello new free money bonu num deposit condit pleas login url get free money num,scam
real name play friend earn php num referr bonu close click wpluswow com,scam
real name get num deposit bonu jackpot citi regist get free money jackpotcityph num com,scam
gcash advisori account temporarili hold due secur purpos kindli verifi url,scam
bdo credit card activ protect pleas sign signatur panel back card download bdo pay link new card use shop dine info visit bdo websit ref phone,scam
real name regist becom next winner join winningplu event win upto num num win sign wplusph com,scam
real name get num daili deposit bonu earn num daili win prize click claim free num wplushello com,scam
real name sign join tournament win nmax ab num deposit avail num num daili rebat sbetbetsph com,scam
get num free click url,scam
real name num regist make num st deposit sign buobetpromo com,scam
real name jackpotc give num daili cashback php num num play live casino slot join jackpotcityph num com,scam
good day real name free num unibet refer get num profit num bonu referr unibetnow num com,scam
hi real name sbet invit join wager tournament win yamaha nmax ab num loui vuitton join sbetwinph com,scam
great day real name free num unibet refer get num profit num bonu referr unibetnow com,scam
hi real name invit event come join win honda cbr num visit vip reward plan click wpdito num com,scam
real name come play win jackpotc make sure sign get unlimit daili rebat num play earn money click jackpotcityrich com,scam
real name ds num cockfight also avail sbet play win prize visit enjoy sbetmanalo com,scam
real name make account get num welcom bonu num num plu win amaz prize valentin love draw jackpotc visit join us jackpotcitywincash com,scam
real name get look jackpotc num best onlin game num cash back regist jackpotcitybetwin com,scam
legit num nline casin num ba ang hanap mo dito kana sa pinakamalupet nakakarelax relax na showbiztoday net liveapp regist wln num num let go,scam
real name jackpotc offer reliabl well like game platform play win becom member right away get num num cash prize sign jackpotcitywinrich com,scam
real name let wine deposit daili win big prize php num num jackpotc click regist jackpotcityfre com,scam
good news real name get unlimit rebat anytim jili sbet click regist sbetfreedraw com,scam
real name jackpotc fantast site usabl reciev welcom offer upt num daili bonu click regist jackpotcitybet com,scam
binabati kita mag log lang para claim ito ang pinakamataa na lucki random red envelop ay num url,scam
real name dito wala kang talo maglaro na manalo ng iphon num pro max num num higit pa maglaro ng jili slot game bingo game pede mo din makuha ang num welcom bonu na num num peso maglaro na jackpotc num bonu com,scam
jackpot ang unang deposito ng num num peso ay magbabalik ng num num peso sumali na url,scam
licens pagcor mlive num casino regist claim num welcom bonu doubl win jili slot limit time free regist mon num com,scam
real name jackpot citi best game experi stabl server custom sign enjoy free sign bonus play jili slot game win doubl amount jackpotcitypromo com,scam
jili fc free gift num peso googl boom num org claim er,scam
real name popular onlin casino bet win plu win iphon num pro winpluspromo com,scam
real name tongit go avail sbet play win brandnew iphon num pro num gb click sbetphwin com,scam
real name hesit regist site win prize win new iphon num promax sign nøw jackpot citi jackpotcityph info,scam
real name lucki player num bet num casino reload bonu num num php sign play num betrich com,scam
real name everyday lucki earn php num num weekli commiss rate click websit winplusrich com,scam
real name come get welcom bonu num num php prize num bet regist log account num bet num ph com,scam
real name jackpot citi reward club vip member win sign get num num cash jackpotc num bonu com,scam
claim baraha num nu num big event celebr num new year web baraha site,scam
num jackpot prize sign get free num bonu get url slot machin battl get lucki num num bonu everyday,scam
halika tumanggap ng num mbg spree nang libr googl play app store search mybitglob download app,scam
claim baraha num nu num big event celebr num new year web pinasc life,scam
real name congratul get jackpotc vip bonu promot sign get num num cash free jackpotcityph com,scam
real name merri christma sbet member claim christma bonu upto num num regist get num deposit bonu gcash sbetfifa com,scam
real name congratul get jackpotc vip bonu promot sign get num num cash free jackpotc num com,scam
dear beneficiari call servic area contact admin offic claim entitl name import email clariereymond gmail com,scam
merri christma claim best gift num siot num nu let enjoy web life,scam
happi thursday lodi merri xma sayo maram papremyo ang naghihintayo sayo dito regist get free golden egg breakingnewsmanila com game,scam
claim num siot num nu num celebr num world cup biggest event cheer crazi win web pina life,scam
real name merri christma christma raffl win money num prize join wfifanow com num fifa,scam
happi monday lodi lune na num day nalang pasko na maram handog na pamasko ang breakingnewsmanila com game sayo ayain ang barkada mag regist na,scam
num jackpot prize num peso play login daili get free peso win url,scam
claim num siot num nu num celebr num world cup biggest event cheer crazi win web manalor site,scam
last num day claim baraha num nu num big event celebr num world cup web pinasu life,scam
real name winningplu member refer friend get num daili wait messag us wplusplay com num fifa,scam
bagong balita mula sa lodi num may christma event ngayon daili benefit regist para makatanggap ng url,scam
withdraw code num cancel url,scam
last num day claim card num nu num big event celebr num world cup web card life,scam
real name lucki star shine tonight wp regist claim num welcom bonu php num num sign wfifacup com num fifa,scam
sign world get num world cup benefit receiv num free withdraw second url,scam
num nday na bigyan natin ng suwert ang araw mo ngayon dahil dito kay bartargam com live may daili num nu chanc mo pa mag num num pinipilahan ng lahat,scam
true baraha celebr world cup prepar event num nu num web baraha site,scam
num num usdt particip experi trade share contest url,scam
true baraha celebr world cup prepar event num nu num web pinasl life,scam
free num num bonu num jackpot prize num peso play win good luck url,scam
exclus prestigi wack wack neighborhood well us matter soon rise shangrila wack wack num bedroom num sqm num bedroom num sqm num bedroom num sqm rise makati shangrila along ayala ave rfo num num num disc num unit left url messag,scam
ylast num day play onlin bara ha num chang get xiaomi num web baraha life,scam
hi real name among champion onlin sabong slot machin game regist acquir num kphp num free token num ksabong com sabongfight,scam
last num day play onlin bara ha num chang get xiaomi num web panalot live claim,scam
real name want miss platform get num live casino welcom bonu php num num play wpluswin com num fifa,scam
esug hindi na need pumunta caslno piay onlin manalo araw araw upto num na welcom num nu web pina life,scam
last num day play onlin bara ha num chang get xiaomi num web baraha site claim,scam
ang smart ay nagiimbita para kunin ang inyong num num bonu ito ay matatanggap sa inyong acc num unt url ww num pw num num ra num,scam
ang smart ay nagiimbita para kunin ang inyong num num bonu ito ay matatanggap sa inyong acc num unt url ww num pw num tzbiud,scam
shope elig free num iphon xiaomi num chanc get reward web luckypha live,scam
winner num free num daili login bonu claim url,scam
shope elig free num phone xiaomi num chanc get reward web num life,scam
kumusta lodi nakapag regist kana ba mag regist na kung hindi pa get num welcom num nu freeplay sali na appraisalassociatesark com join,scam
lazada good benefit play baraha num chang get free iphon num xiaomi num web baraha site claim,scam
thank trust smart num slot web life,scam
go lucki baraha prepar num today wait url card life let go,scam
lucki day dahil jb day ngayon mag pin makakuha ng maram prize wag mag alinlangan siguradong bubuho ng swert barbadostelecom com live,scam
hi real name experi highest win jili slot game googl app redeem free php num win jackpot download num club com pusoysabong search winner club play store redeem code num pleas go deposit buy enter redeem code,scam
dear vip real name experi best cockfight sbet join regist gain num kphp num fight bonus got chanc win worth million cash sbetcorkfight com sabongnow,scam
wag ng tumingin pa sa iba dahil ang hinahanap num hinahanap ng iba ay nandit num lang kay playbingo com ph legitapp subukan num na walang mawawala sayo,scam
lucki day dahil jb day ngayon mag pin makakuha ng maram prize wag mag alinlangan siguradong bubuho ng swert antiviruspedia net live,scam
binabati kita mag log sa lodi num para makuha ang iyong lucki random bonu url,scam
gcash bet gcash bet get free num num num bonu gcashbet free link url,scam
cold monday lucki day dahil nandit num na si apkgametop com liveph na lage nag bibigay ng premyo num nu kaya tri num na dito st dito,scam
sugal hindi na need pumunta ca num piay onlin manalo araw araw upto num na welcom bonu num hour cash web game life,scam
maglaro na kolektahin ang mga promot bonu na naghihintay sayo ang mega jackpot num num num halina mag laro ngayon dito apkgametop com liveph,scam
current user send num num usdt experi transact gold googl play app store search mybitglob download app,scam
napaka ganda ng pasok ng weekend dahil dito kay antiviruspedia net live napaka dame num nu naghihintay sayo hindi lang yan dahil chanc mo pang mage vip,scam
happi weekend magrelax mag enjoy kasama ang pamilya may special regist num nu num ca prize chanc win golden egg draw knetww com liveapp,scam
wag na masyadong mapakapagod dahil friday na isa sa pinaka na gawin mamaya ay ang mag enjoy dito apkgametop com liveph see later friend,scam
sugal hindi na need pumunta ca num piay onlin manalo araw araw upto num na welcom bonu num hour cash web win life,scam
hottest news join jb day make day spin luck sign get golden egg daili deposit bonu antiviruspedia net live,scam
welcom num ot web life good luck,scam
welcom num ot web great life good luck,scam
real name today win iphon num promax earn ton cash prize receiv num sign bonu click wp num luck com num win,scam
dear vip real name num onlin sabong site sbet regist play cockfight slot game machin claim num free bet credit win num cash prize sbet num com sabongnow,scam
god least num reward wait uri pinaswin com best ba raha,scam
welcom num ot web num life good luck,scam
tropa parami na ng parami ang naglalaro nanalo ng halo num na jackpot sa bingoplu bakit magpapahuli ka pa regist na free ko na num mo,scam
huwag mag pascam sa mga fake gcash text messag huwag click ang kahit anong link ask valid account outsid app hindi dapat share ang iyong mpin otp kung hindi gamit ang gcash app para safe mula sa scam gcheckmuna,scam
iho iha nag ka mali ata ako ng pasa load sa iyo ko na ipasa ung num na load kung pwd paki blik naman ito yung number ng apo ko num num gawin mo lng itext mo num phone isend mo sa num replayan mo ng ye ang susunod na mensah salamat nak pasensya na sa abala pg palain ka sana,scam
num num num num may num num num transfer num num mobil account ref phone,scam
rise makati along ayala ave bnew num br start num num shangri la premium grade offic tower sale ortiga cbd along adb ave num unit left num month num mo num interest high end residenti tower ortiga center num num mo send name email detail messag,scam
hire german sheperd taguig document analyst relat exp shift num num bill analyst knowledg sap bill suit plu midshift num num written spoken profici german english kimphil num gmail com,scam
hire german speaker taguig document analyst relat exp shift num num bill analyst knowledg sap bill suit plu midshift num num written spoken profici german english kimphil num gmail com,scam
good day ms nicol secur bank want inform qualifi avail unsecur person cash loan loan num num depend monthli incom collater hidden charg num num bank day process pl repli ye name contact expedit loan thank much,scam
first live capitol common royalton num sqm num br park num promo discount save earn around num num extend sep num num sqm afford luxuri condo capitol common num unit floor detail pl repli name email visit us url thank num num,scam
need cash meron ka bang fulli paid na car truck sangla origin cr cash take unit low num mo call txt larri num num,scam
account grant num juli num appli get cash day guarante meetup visit num gg fb num num phloan,scam
num wait appli app meet guarante visit num gg num htz opt text stop phloan,scam
newest flagship condo along num mapl ortiga east num sqm studio unit dp promo num num year num interest num month launch price locat ortiga ave julia varga cor num num masterplan tiendesita frontera verd high end commun like eastwood serendra bgc greenbelt num synergi ortiga ayala sm detail pl repli name email visit url thank num num,scam
lot avail alabangwest villag exclus subdivis across ayala alabang villag besid lander superstor alabang num num sqm central locat near clubhous num num sqm near main gate num year instal without interest know develop kindli send email present contact trish cortez num num,scam
num wait appli app meet guarante click googl play bit ly googleplay_ num,scam
condo sale shangri la ayala num num sq makati num num sq wack num ortiga resal unit save num good invest rental sell end use promoterm dp right time invest repli name email cmplte info,scam
upeso grant num peso credit mar num complet file appli get num hour visit bit ly upeso_googleplay opt msg,scam
pesoloan grant num peso credit mar num complet file appli get num hour meetup visit bit ly googleplay_ num opt msg,scam
lot avail alabangwest villag exclus subdivis across ayala alabang villag besid lander superstor alabang num num sqm central locat near clubhous num num sqm perfect rectangular cut near clubhous num year instal without interest know develop kindli send email present contact beatric cortez num num,scam
albani megaworld num st condo bgc smart home equip num unit truli separ amongst elit area unit boast light control hvac motion sensor applianc control secur top exist rfid access gate elev unit park num br num sqm num num br num sqm num penthous num sqm num mapl grove commerci lot php num sqm call andrew num num,scam
pondopeso grant num credit jan num complet profil appli get cash num hour visit bit ly googleplay_pondopeso opt text,scam
cashlend grant num credit dec num complet profil appli get cash num hour guarante visit bit ly googleplay_cashlend,scam
properti bgc makati moa san juan binondo pasay area leas properti avail makati repli name email address quotat mani thank,scam
modern ortiga num redevelop ortiga east formerli tiendesita greenbelt num high end commun like serendra bgc townhous condo offic sale condotel hii develop ortiga partnership ayala detail pl repli name email harri num num,scam
pre sell offic space sale condotel sale ortiga co project partnership ayala num num discount promo num num per sqm high end condo high end commun new project launch soon ortiga east tiendesita num redevelop plan sm email address detail,scam
biggest redevelop along num ongo num hectar mix use master plan commun ortiga compani synergi ayala land neighbor well known commun like vall verd soon cater need num st residenti tower within commun soon grab part luxuri commun afford price inquiri kindli repli name email address,scam
megaworld newli launch pre sell prime commerci lot mapl grove integr cbd township fast emerg gen tri cavit span num hectar curat cut num num num sqm option combin extens road network readi captiv market easili access via daang hari cavitex calax governor drive start php num sqm first come first serv watch progress unfold inquiri contact andrew num num,scam
introduc latest num hectar green citi busi district township develop south mapl grove commerci lot sale bud makati inspir busi district gener tria cavit num minut away mall asia entertain citi via cavitex lot num num num sqm avail offic build busi hotel medic facil etc may built lot avail pre sell price one owner commerci lot futur central busi district countri biggest develop develop present project pleas contact sale manag ms beatric num num megaworld corp,scam
resal offic condo unit much lower market price ortiga makati moa area num num sq avail enjoy big discount assum balanc num interest sm inquiri thank,scam
shangri la updat risemakati one kind residenti commerci develop premier outstand amen price start num num pl repli name email add detail contact us info shangrilapropertiesinc com url,scam
avail instantli ageless effect proven eras eyebag wrinkl num minut made usa interest buy pleas repli,scam
last pre sell low rise condo bgc avail special low dp num int term experi low densiti live privat elev access per unit promis overwhelm view forb park bgc skylin albani rare find limit unit await choos spaciou num br num br unit lux finish prime pre sell commerci lot mapl grove gen tria cavit sale inquiri pleas contact andrew num num,scam
dine swim get away day without leav citi edsa shangri la manila heat sunday side php num num net per person call num,scam
co makati need softwar java develop bachelor degre knowledg java design develop implement softwar applic kimphil num gmail com,scam
co makati need softwar java develop bachelor degre knowledg java design develop implement softwar applic start asap kimphil num gmail com,scam
co makati need softwar java develop knowledg java design develop implement softwar applic start asap kimphil num gmail com,scam
shangri la updat risemakati one kind residenti commerci develop premier outstand amen price start num inquiri welcom pl repli name email add detail contact us info shangrilapropertiesinc com url,scam
celebr season love sweet staycat intim dinner two poolsid urban oasi edsa shangri la manila call phone,scam
new offic space sale ortiga avenu near grove inquiri pleas text email text stop thank jenn sam,scam
new green township rise south mapl grove first time megaworld offer chanc lifetim acquir prime commerci lot rapidli develop busi district gen tria cavit lot size rang num num num sqm option combin limit inventori get pre sell price today accept reserv detail inform pleas contact andrew num num,scam
subject urgent account verif requir hello custom onlin bank account need verif sign provid verif page within num hour avoid temporari suspens ignor messag regard custom support team,scam
subject secur alert action need hello custom congratul account select special reward confirm detail claim prize offer expir pleas complet request soon possibl regard custom support team,scam
subject reward wait hello custom secur review trigger bank profil confirm account inform immedi prevent access restrict failur respond may result account restrict regard custom support team,scam
subject deliveri confirm requir hello custom packag could deliv addit confirm requir review deliveri inform reschedul notic expir soon regard custom support team,scam
subject unusu activ detect hello custom tax relat notic requir attent confirm taxpay inform avoid process delay failur respond may result account restrict regard custom support team,scam
subject import account notic hello custom detect unusu activ account complet secur check restor normal access ignor messag regard custom support team,scam
subject final remind hello custom applic shortlist remot posit submit request person inform continu onboard pleas complet request soon possibl regard custom support team,scam
subject immedi verif request hello custom social media profil receiv secur warn verifi ident keep account activ notic expir soon regard custom support team,scam
subject action requir today hello custom subscript payment could process updat bill inform prevent servic interrupt regard custom support team,scam
subject urgent account verif requir hello custom shop account need verif sign provid verif page within num hour avoid temporari suspens ignor messag regard custom support team,scam
subject payment notic hello custom invoic await confirm review attach bill notic verifi payment detail charg unfamiliar regard custom support team,scam
subject urgent account verif requir hello custom social media account need verif sign provid verif page within num hour avoid temporari suspens ignor messag regard custom support team,scam
subject urgent account verif requir hello custom stream account need verif sign provid verif page within num hour avoid temporari suspens ignor messag regard custom support team,scam
emailsubject action requir today hello custom subscript payment could process updat bill inform prevent servic interrupt regard custom support team,scam
emailsubject urgent account verif requir hello custom social media account need verif sign provid verif page within num hour avoid temporari suspens ignor messag regard custom support team,scam
kumusta ka na sobrang tagal na nate di nagkita punta ka bacolod weekend,not scam
diin ka na naghulat kami sa imo sa termin sa cere,not scam
pauwi na ko gale trabaho order ko na lang yung chicken inas sa manokan sabay tayo kumain mamaya,not scam
happi birthday si sana celebr mo ng maayo kasama ang pamilya natin dito sa bacolod,not scam
uy tara sa masskara festiv mamaya meron daw street danc sa lacson street,not scam
pasalubong mo ko ng piaya napoleon pag uwi mo gale silay ha,not scam
manong pauli na ko gale robinson bacolod sunduin mo na lang ko sa gate num,not scam
ate tapo ka na ba magluto gutom na kami dito sa bahay,not scam
nako sorri late repli nasa sakayan pa ko ng jeep papuntang talisay,not scam
kuya dalhin mo yung bike ko pag uwi mo gagamitin ko buka sa panaad park,not scam
nakauwi na ba si papa gale kabankalan tawagan mo nga siya,not scam
salamat sa tulong mo kanina sa tindahan ha utang na loob ko yan sayo,not scam
sige sundo na lang kita sa may bacolod public plaza mamayang num pm,not scam
grabe ang init ngayon dito sa bacolod sana umulan na,not scam
ingat ka sa biyah papuntang dumaguet text mo ko pag nakar ka na,not scam
hi po si kuya jun po ito ng lalamov malapit na po ako sa inyong address num minut na lang po,not scam
good day ito po si rider mark ng foodpanda nasa gate na po ako ng bahay niyo,not scam
grab arriv num minut plate number abc num silver vio,not scam
hello po si ate babi po ito ng lbc bacolod branch readi na po pickup niyo pwede po kayo mag claim anytim offic hour,not scam
good day order chicken hous bacolod prepar deliv within num num minut,not scam
hi sir applianc repair schedul tomorrow num num nn pleas make sure someon home aircon tech bacolod,not scam
magandang araw po confirm na po ang inyong reserv sa bob num pax saturday num pm,not scam
remind dental appoint dr santo thursday num pm lacson street clinic,not scam
remind grade num student bring project materi tomorrow scienc exhibit,not scam
good day parent pta meet move saturday num school cover court,not scam
team shift schedul next week post sa group chat pleas check confirm,not scam
remind submiss requir enrol friday dalhin niyo na po sa registrar offic,not scam
meet natin buka move num instead num sa confer room na lang po,not scam
good day kindli remind balanc semest may settl cashier offic west negro univers,not scam
grade consult friday num num pm pleas come faculti room concern grade,not scam
paalala mula sa barangay buka po ang clean drive sa ame lugar num tayo magsisimula sama sama tayo,not scam
advisori barangay handumanan water interrupt buka num num pm due pipe mainten,not scam
remind free vaccin senior citizen monday barangay health center num num nn,not scam
paalala bawal magparada sa harap ng barangay hall tuw lune dahil sa flag ceremoni,not scam
good day resid garbag collect schedul week tuesday friday,not scam
notic barangay assembl meet sunday num pm sa cover court lahat po ng may sasabihin dumalo po sana,not scam
pagasa advisori light moder rain expect sa negro occident area today tomorrow even,not scam
paalala simbang gabi start saturday num sa ame parokya salamat po sama sama tayo dumalo,not scam
good day mass schedul sunday num num num pm wed mass po sa num pleas take note,not scam
remind choir practic tonight num pm sa parish hall,not scam
good day may bagong menu na po kami dito sa bacolod diner chicken inas unli rice drop anytim,not scam
new stock na po ang ame panaderia fresh pandes avail start num dito lang sa may burgo street,not scam
grand open po ng ame sari sari store saturday dumaan po kayo mamaya,not scam
salamat sa pagsuporta sa ame tindahan buka pa rin po kami ng maaga buka num,not scam
piso fare promo natapo na po pero meron pa rin kame sulit fare packag tanong lang po sa amin,not scam
nabayaran ko na yung kuryent natin ipapadala ko na lang sayo yung resibo mamaya,not scam
salamat sa pautang kahapon babayaran ko na yan sayo pag sweldo ko friday,not scam
padala ko na yung share mo sa bill check mo na lang gcash mo,not scam
nagpadala na ko ng pambili ng school suppli ni kuya sayo salamat sa pag aalaga,not scam
remind check dr rey tomorrow num riversid medic center bacolod,not scam
good day lab result readi pickup clinic offic hour num num pm monday saturday,not scam
paalala po buka na po ang inyong follow check dalhin niyo na rin po yung mga gamot niyo,not scam
maligayang masskara festiv sama sama tayo mag celebr octob dito sa bacolod,not scam
happi panaad sa negro festiv dumalaw kayo sa panaad park makita ang mga booth ng iba ibang town,not scam
maligayang pasko manigong bagong taon sa buong pamilya ingat lagi,not scam
happi fiesta halina kumain sa amin buka marami kame handa,not scam
advisori bantay bagyo updat signal num rais sa part ng negro occident mag ingat po sa biyah,not scam
cere bu advisori trip papuntang dumaguet may delay dahil sa road repair sa kabankalan area,not scam
good day flight schedul bacolod silay airport time morn,not scam
miss na miss na kita kailan ka babalik dito sa bacolod,not scam
salamat sa regalo ang sweet mo talaga ingat ka lagi,not scam
nakabili na ko ng tiket pauwi makikita na kita next week,not scam
ilang taon na tayong magkaibigan sobrang saya makasama ka lagi,not scam
good luck sa board exam mo alam kong kaya mo yan,not scam
congrat sa new job deserv mo talaga yan ang tiyaga mo eh,not scam
ingat ka sa byah pauwi text mo ko pag safe ka na sa bahay,not scam
halika sa amin mamaya may lechon manok tayo dinner,not scam
sino may avail buka gusto ko sana mag inuman tayo sa may lacson,not scam
uy pare may laro ba tayo basketbal mamaya sa barangay court,not scam
