text,source,content_type,label,scam_type,review_status
"Condo across Ateneo by Torre Lorenzo, only 12 studio units left. This is Josh. Reply now to schedule a presentation or to opt out of future updates.",SMS,Message,Scam,Investment Scam,Verified
"papalduhin kita ng 12k ngayon, basta ikaw na bahala sakin ah reply sa fb 'YES' ako bahala sa winning games mo FB PAGE : Yara Vespar Naka gray na sando ang profile@@",SMS,Message,Scam,Gambling/Betting Scam,Verified
"B0ss pan@lunin kita sa pinata win 15k, n0w lang h@bang n@ndito pa ak0 b@sta wag ka lang p0 makalim0t sakin mess@ge mok0 sa peysbuk ko ( tanya aupadus) N@ka puti @t mAy hawak n@ juice",SMS,Message,Scam,Gambling/Betting Scam,Verified
Dito nagsisimula ang saya at panalo! 8P FREE + 8888P welcome package + bonus. USE 716120 at BangoWin.com ✪,SMS,Message + URL,Scam,Gambling/Betting Scam,Verified
"okay lang ba makipag deal ako sayo? Cash in ka 100 ipapanalo kita 7k basta hati tayo 2k sakin 5k sayo ,kung sure k ame :Allexa Brielle Lim search:@officialalex09 (naka swimsuit na white ) ^&%",SMS,Message,Scam,Gambling/Betting Scam,Verified
"Good day I'm Ms.Ivie from multi banking personal cash loan I'd like to offer you personal loan.100k up to 5M Unsecured loan,and can get the loan as fast as 3 to 7 banking days .If you are interested please reply YES . Thank you.",SMS,Message,Scam,Loan Scam,Verified
[FEX] Your parcel P6115DDCDD7BA couldn't reach you. Please contact the branch at 9283170245 for any concerns.,SMS,Message,Scam,Courier/Delivery Scam,Verified
"Smart reminds you:Your Reward Points (6,309) expire today.Please redeem you gift soon: https://smartk.bond/rewards",SMS,Message + URL,Scam,Impersonation Scam,Verified
"Your Landbank iAccess account is about to be deducted PHP3,456.00 for AGRIBANK PH services. If this is not you, cancel it immediately at https://lbpiaccess.com-ph.click/i-revoke",SMS,Message + URL,Scam,Phishing,Verified
"Smart reminds you:Your Reward Points (6,309) expire today.Please redeem you gift soon: https://smartst.click/rewards",SMS,Message + URL,Scam,Impersonation Scam,Verified
"Globe reminds you:Your Reward Points (6,309) expire today.Please redeem you gift soon: https://globeci.cyou/rewards",SMS,Message + URL,Scam,Impersonation Scam,Verified
"Live DJ and awesome music waiting for you. Drop by and enjoy the night with us here at Vu's Sky Bar & Lounge, Marco Polo Hotel Ortigas Manila. Thank you! Kit Miculob Vu's Receptionist",SMS,Message,Scam,Miscellaneous Scam,Verified
"Smart reminds you:Your Reward Points (6,309) expire today.Please redeem you gift soon: https://smartnr.qpon/rewards",SMS,Message + URL,Scam,Impersonation Scam,Verified
"Smart reminds you:Your Reward Points (6,309) expire today.Please redeem you gift soon:https://smartei.bond/ph",SMS,Message + URL,Scam,Impersonation Scam,Verified
"Hello good day! :) Commercial lots in the first master-planned CBD in Batangas - Lima Estate - with 70 hectare existing components like The Outlets at Lipa, Aboitiz Pitch, office bldgs, Holiday Inn and residential - 40 hectare expansion area with parks and open spaces - FAR 4 to 5 lot size 1,165 to 3,215 sqm price range 75k to 93k per sqm with terms pre selling commercial lots also available in other areas kindly message me for details Erwin Sia",SMS,Message,Scam,Investment Scam,Verified
"Good day! Come and join us here at Vus Sky Bar & Lounge, Marco Polo Hotel Ortigas Manila. We’ve got a cozy and relaxing vibe—perfect for chilling out this Monday night. See you later! Thank you! Kit Miculob Vu's Receptionist",SMS,Message,Scam,Miscellaneous Scam,Verified
"Hi, Your G-Cash account has been temporarily deactivated! Please update your G-Cash as soon as possible. Confirm your account here: kycupdategcash.online Thank you for choosing GCash!",SMS,Message,Scam,Phishing,Verified
"Smart reminds you:Your Reward Points (6,309) expire today.Please redeem you gift soon:https://smartio.cyou/ph",SMS,Message + URL,Scam,Impersonation Scam,Verified
"Smart reminds you:Your Reward Points (6,309) expire today.Please redeem you gift soon:https://smartln.shop/rewards",SMS,Message + URL,Scam,Impersonation Scam,Verified
"Shift’s Over Mondays | INDUSTRIAL NIGHT at Vu’s Sky Bar and Lounge Calling all hardworking heroes of the night! Hoteliers, restaurateurs, bar stars, and BPO champs — your Monday just got better! Enjoy 50% OFF on selected favorites: ✨ Draft Beers ✨ Chivas ✨ Olmeca Bottles & Shots ✨ Classic Cocktails Every Monday Night 📍 Vu’s Sky Bar and Lounge | 45th Floor, Marco Polo Ortigas Manila Exclusive for hospitality and BPO industry professionals. Just present your valid company ID to avail of the discount. Unwind. Mingle. Celebrate your grind. Because your shift’s over — and it’s time to take the night back!",SMS,Message,Scam,Gambling/Betting Scam,Verified
"You’re invited to join us tonight at Vu's Sky Bar & Lounge, Marco Polo Hotel Ortigas Manila for a great night of drinks, music, and good vibes! 🍸✨ We’re open and ready to welcome you—come and chill with us! Thank you! Kit Miculob Vu's Receptionist",SMS,Message,Scam,Miscellaneous Scam,Verified
Your credit card points will expire in 5 hours. You will lose your chance to get 2500 pesos cashback. Redeem now： https://bdo-mnl.icu/ph Redemption code: CASHCR-2500,SMS,Message + URL,Scam,Phishing,Verified
"Don't miss out!! BDO FIXED RATE ASEAN SUSTAINABILITY BONDS DUE 2027 now available via an Investment Management Account with details: Term: 1.5 years Coupon Rate Gross: 5.875% Net: 4.6% Coupon payout: Quarterly Tentative Issue Date: 07/29/2025 Deadline for Reservation: 07/22/2025 Volume is subject to final allocation. For details, call or visit your BDO branch.",SMS,Message,Scam,Investment Scam,Verified
"Late nights just got better! 🌃🍹 Join us at Vu’s Sky Bar and Lounge as we celebrate 11 amazing years of Marco Polo Ortigas Manila! Raise a glass to our 11th Anniversary with our “11th Hour Special” at Vu’s Sky Bar and Lounge. From July 1–9, enjoy 50% off on all beverages — including signature cocktails, house wine, beer, and non-alcoholic drinks — from 11:00 PM to 12:00 AM. Order at least one food item per table to unlock this exclusive treat. Experience refined evenings high above the city. #MarcoPoloOrtigas #11thHourSpecial #VusSkyBar #AnniversaryCelebration",SMS,Message,Scam,Gambling/Betting Scam,Verified
"You receive P5,000 from DSWD Ayuda Sa Kapos Ang Kita via GCash. Confirm today https://bit.ly/Gcash-X or it will be forfeited bukas.",SMS,Message + URL,Scam,Phishing,Verified
"Smart reminds you:Your Reward Points (6,309) expire today.Please redeem you gift soon:https://smartit.qpon/rewards",SMS,Message + URL,Scam,Impersonation Scam,Verified
"Feel the rhythm in the sky! 🎶Here at Vu’s Sky Bar & Lounge Marco Polo Hotel, Ortigas Manila. Rock band on June 20th at 9 PM! Don't miss the vibe. Reserve your spot now! Kit Miculob Vu's Receptionist",SMS,Message,Scam,Miscellaneous Scam,Verified
"Celebrate Independence Day at Vu's Bar Sky Bar & Lounge! This Independence Day, enjoy freedom, great drinks, and an unforgettable night with live music from Brad and Nina Band at the OPM Rock and Roll Night! 🎶 📍 Venue: Vu's Bar Sky Bar & Lounge, 45th Floor, Marco Polo Ortigas Manila 📅 Date: June 12 ⏰ Time: 8:00 pm Don't miss out on a night full of fun, great vibes, and amazing views! 🍹 For reservations, please contact: 📞 0917 133 4192 📞 0917 129 3846 📞 (+63 2) 7720 7777",SMS,Message,Scam,Gambling/Betting Scam,Verified
"Celebrate Independence Day at Vu's Bar Sky Bar & Lounge! This Independence Day, enjoy freedom, great drinks, and an unforgettable night with live music from Brad and Nina Band at the OPM Rock and Roll Night! 🎶 📍 Venue: Vu's Bar Sky Bar & Lounge, 45th Floor, Marco Polo Ortigas Manila 📅 Date: June 12 ⏰ Time: 8:00 pm Don't miss out on a night full of fun, great vibes, and amazing views! 🍹",SMS,Message,Scam,Miscellaneous Scam,Verified
"Barbie Almalbis Live at Vu’s Bar and Lounge! ✨🎸 Get ready for an unforgettable night with Barbie Almalbis as she brings her iconic sound to the skyline! 📍 Venue: Vu’s Bar and Lounge, 45th Floor, Marco Polo Ortigas Manila 📅 Date: June 13, 2025 (Friday) 🕢 Doors Open: 7:30 PM 🎶 Performance Starts: 8:00 PM 🎟️ Entrance Fee: ₱1,500 per person 🍸 Includes a welcome drink to kick off the night! Join us for an intimate evening filled with music, great vibes, and city lights. Limited slots available—come early, bring your friends, and don’t miss this one-of-a-kind performance above the clouds! 📞 Reserve your spot now! Contact us at 0917 133 4192 or 0917 129 3846 #BarbieAlmalbisLive #VusBarAndLounge #MarcoPoloOrtigas #LiveMusicManila #OPMNight",SMS,Message,Scam,Gambling/Betting Scam,Verified
"Barbie Almalbis Live at Vu’s Bar and Lounge! ✨🎸 Get ready for an unforgettable night with Barbie Almalbis as she brings her iconic sound to the skyline! 📍 Venue: Vu’s Bar and Lounge, 45th Floor, Marco Polo Ortigas Manila 📅 Date: June 13, 2025 (Friday) 🕢 Doors Open: 7:30 PM 🎶 Performance Starts: 8:00 PM 🎟️ Entrance Fee: ₱1,500 per person 🍸 Includes a welcome drink to kick off the night! Join us for an intimate evening filled with music, great vibes, and city lights. Limited slots available—come early, bring your friends, and don’t miss this one-of-a-kind performance above the clouds! #BarbieAlmalbisLive #VusBarAndLounge #MarcoPoloOrtigas #LiveMusicManila #OPMNight",SMS,Message,Scam,Gambling/Betting Scam,Verified
"Protection, performance, and peace of mind! Score up to 15% off on Zagg products until May 31, 2025! Promo runs at all Power Mac Center and The Loop stores.",SMS,Message,Scam,Miscellaneous Scam,Verified
"Time to celebrate Mom! Enjoy special Mothers Day deals in-store and online until May 15, 2025. Learn more via Power Mac Center's official Facebook page!",SMS,Message,Scam,Miscellaneous Scam,Verified
"GLOBE reminds you that your reward points (5,340) will expire today. Please visit to redeem your favorite gift: https://globeuc-ph.com",SMS,Message + URL,Scam,Impersonation Scam,Verified
"GLOBE reminds you that your reward points (5,340) will expire today. Please visit to redeem your favorite gift: rewardsbk.com/ph",SMS,Message + URL,Scam,Gambling/Betting Scam,Verified
"GLOBE reminds you that your reward points (5,340) will expire today. Please visit to redeem your favorite gift: https://glocbe-ph.com",SMS,Message + URL,Scam,Impersonation Scam,Verified
"GLOBE reminds you that your reward points (5,340) will expire today. Please visit to redeem your favorite gift: https://globpe-ph.com",SMS,Message + URL,Scam,Impersonation Scam,Verified
"GLOBE reminds you that your reward points (5,340) will expire today. Please visit to redeem your favorite gift: https://glopeox-ph.com",SMS,Message + URL,Scam,Impersonation Scam,Verified
"GLOBE reminds you that your reward points (5,340) will expire today. Please visit to redeem your favorite gift:https://globephox.com",SMS,Message + URL,Scam,Impersonation Scam,Verified
"Dear customer, you have 16,590 points which will expire on 02/05/2025 Please redeem your present immediately! Pleaseclick:http://globe-points-ph.one/ph Redeem your present!",SMS,Message + URL,Scam,Phishing,Verified
"BDO UPDATE: As part of our new BDO Online App update, you are required to validate and update your BDO Online Banking information to keep your account current and to continue receiving OTP. To proceed, please visit https://web-bdo.online-digitalappdev.workers.dev/ . Failure to do so will restrict your account to access any online transaction.",SMS,Message + URL,Scam,Phishing,Verified
"Save on transfer fees with BDO Pay. Send Money to another BDO account for free, or to other banks for a low InstaPay fee of P10. Download now!",SMS,Message,Scam,Gambling/Betting Scam,Verified
"View, manage, add or remove your BDO accounts and cards on the BDO Online app! Download and sign up now!",SMS,Message,Scam,Miscellaneous Scam,Verified
BDO Online lets you conveniently manage your checking accounts. Reorder Checkbooks from the app so you never run out when you need them or use Stop Payment Order to take control of any issued checks. Download and sign up now!,SMS,Message,Scam,Miscellaneous Scam,Verified
View your Trust Investments on the BDO Online app! Just add them to your Online Banking account on the app. Download and sign up now!,SMS,Message,Scam,Miscellaneous Scam,Verified
"New on BDO Online: View Trust Investments, PESONet, same foreign currency transfers, request loan documents, Installment Offers & Checkbook Services! Download now!",SMS,Message,Scam,Miscellaneous Scam,Verified
"PESONet is now available on the BDO Online app! Send Money up to P250,000 per day for only P50. Download and sign up now!",SMS,Message,Scam,Gambling/Betting Scam,Verified
Send pamasko or cash gifts to your loved ones for FREE if they have a BDO account! Enjoy a minimal fee of P10 for InstaPay transfers. Download the BDO Pay app now.,SMS,Message,Scam,Gambling/Betting Scam,Verified
"Dear Customer, you have 9,590points expiring on 12/12! Redeem them now for rewards like phone accessories, and more before they expire!Click to view your options:https://globe-poluts.com/globe",SMS,Message + URL,Scam,Online Shopping Scam,Verified
Send Money to any BDO account in the same foreign currency with the BDO Online app - 9 currencies available! Download and sign up now!,SMS,Message,Scam,Gambling/Betting Scam,Verified
"Send Money Protect Policy will automatically renew on November 14th through your GCash for Php 1760.00. To cancel this policy, visit gcash.phlada.fr/n",SMS,Message,Scam,Gambling/Betting Scam,Verified
Your Luck Awaits! Grab P3000 Gift today at GJP PH GoJPLucks.golf,SMS,Message,Scam,Gambling/Betting Scam,Verified
"Good day this is from Getmeds Philippines Inc my name is ren, we'll just ask if you want to order? I'll be more than happy to assist you ☺️",SMS,Message,Scam,Miscellaneous Scam,Verified
"GCash Advisory! Our system detected unrecognized login attempts to your G Cash. As a precaution, your G Cash was suspended for 24 hours. To resolve this issue, Visit: glife.money/G-Cash",SMS,Message,Scam,Impersonation Scam,Verified
"URGENT ACTION REQUIRED: Your account needs attention! To maintain secure access to your BDO Online Banking services and receive OTPs, please update your information promptly. Visit Online-App.ltd! SecureBDO to complete this important step.",SMS,Message,Scam,Miscellaneous Scam,Verified
"BigWln, nanalo ka ng Prize: P39,259. Magparehistro Makakuha ng P17~Maglaro ng P50 Makakuha ng P57. Libreng P128 para sa unang deposito~ gdubw.social",SMS,Message,Scam,Gambling/Betting Scam,Verified
"Free slot machines worth 80 million pesos are waiting for you! Register to get 238P, first deposit will get 588p for free, rebate website pvej.sg",SMS,Message,Scam,Gambling/Betting Scam,Verified
Nakatanggap ang iyong number ng P7748. Mag-register gamit ang number na ito at maglaro ng halagang P10 upang makuha. Sumali dito: xpio76ytr.la,SMS,Message,Scam,Gambling/Betting Scam,Verified
"Join GJP Casino's Bet Tournament to win up to 12,000 points! GJProsper.de New members receive a 200% bonus + 3000 points. Start winning today!",SMS,Message,Scam,Gambling/Betting Scam,Verified
Ikaw ang maswerteng Makatanggap ng P555 na bonus >>> URL: 177bet. xyz,SMS,Message,Scam,Gambling/Betting Scam,Verified
Nanalo ako ng pera tuwing tumaya ako ng 500P at nanalo ng 10K. Maaaring ito ay isang BUG. Sumali ako sa URL: 177bet. xyz,SMS,Message,Scam,Gambling/Betting Scam,Verified
"Nanalo ng Jackp0t! Nanalo ka ng Prize na P64,347! I-download na para makakuha ng P57 nang libre. Makakuha ng 128 libre para sa 1st Deposit. gghnm.dhaui.ca",SMS,Message,Scam,Gambling/Betting Scam,Verified
Mag-register na sa EPwin at makakuha ng 180% Welcome Bonus hanggang 15k pesos + 1.2% araw-araw na rebate sa epicgamb.de! Huwag palampasin!,SMS,Message,Scam,Gambling/Betting Scam,Verified
GCash: Account verification needed due to suspicious transaction. Kindly Visit: asace.wang/p to continue using our services,SMS,Message,Scam,Impersonation Scam,Verified
Nakatanggap ang iyong number ng P7748. Mag-register gamit ang number na ito at maglaro ng halagang P10 upang makuha. Sumali dito: yystf5ree.nl,SMS,Message,Scam,Gambling/Betting Scam,Verified
"GJPrize.de! Sunday is your chance to win big! Spin the Daily Lucky Wheel for a Samsung Galaxy S23+ 5G (P42,999 value). Newbies get 200% bonus + P3000.",SMS,Message,Scam,Gambling/Betting Scam,Verified
Nakatanggap ang iyong number ng P7748. Mag-register gamit ang number na ito at maglaro ng halagang P10 upang makuha. Sumali dito: boxjam.de.,SMS,Message,Scam,Gambling/Betting Scam,Verified
"GJChips.de! Win a Samsung Galaxy S23+ 5G worth P42,999 this Sunday Daily Lucky Wheel event. New members get 200% bonus + P3000. Sign up!",SMS,Message,Scam,Gambling/Betting Scam,Verified
Nakatanggap ang iyong number ng P7748. Mag-register gamit ang number na ito at maglaro ng halagang P10 upang makuha. Sumali dito: joypod.de.,SMS,Message,Scam,Gambling/Betting Scam,Verified
Unleash your potential with T.G.I.S.! Sign up now for a 999p bonus! Enter the Lucky Wheel for a chance to win Xiaomi 14 at WPSlots.de! Start winning now.,SMS,Message,Scam,Gambling/Betting Scam,Verified
"Friday fun is here! Enjoy 6,888p + 6,888p at GJP PH's Payday Blast. New members get 3000p at GJSlots.de . Don't wait, join now!",SMS,Message,Scam,Gambling/Betting Scam,Verified
YG777 Nakatanggap ang iyong number ng P7748. Mag-register gamit ang number na ito at maglaro ng halagang P10 upang makuha. Sumali dito: joypod.de,SMS,Message,Scam,Gambling/Betting Scam,Verified
100 pesos mo gawin nating 200! Copy this to browser [ kklfph.fyi ] to get!,SMS,Message,Scam,Miscellaneous Scam,Verified
YG777 Nakatanggap ang iyong number ng P7748. Mag-register gamit ang number na ito at maglaro ng halagang P10 upang makuha. Sumali dito: boxlid.de,SMS,Message,Scam,Gambling/Betting Scam,Verified
Congrats VIP! You've won 300% First Deposit Bonus and FREE100 FBS Bonus! Claim now before its gone! Contact Customer Service to seize your luck! pnlkawon.de !,SMS,Message,Scam,Gambling/Betting Scam,Verified
Ikaw ang maswerteng Makatanggap ng P555 na bonus >>> tssccc.pgwinwin.ca,SMS,Message,Scam,Gambling/Betting Scam,Verified
Claim your b0nus! Magl0g-in at kunin ang 100 pes0s ngayon! Pumunta sa link na to { kklfph.fyi },SMS,Message,Scam,Gambling/Betting Scam,Verified
"Elevate your status! Join Sbet VIP for up to 88,888p Bonus! New members score 3,000p Welcome Bonus + daily rewards! Sign up at SBCash.de !",SMS,Message,Scam,Gambling/Betting Scam,Verified
"July is here! Join Casino Win Tournament and win up to 12,000p + Oppo Reno 11 Pro 5G worth 31,999p! Get daily rebate 0.6% at Winplaysuper.de . Sign up now!",SMS,Message,Scam,Gambling/Betting Scam,Verified
Nanalo ang number mo ng P2874! Mag-register gamit ang number na ito upang makuha and premyo. Sumali dito: antfig.de,SMS,Message,Scam,Gambling/Betting Scam,Verified
"100% first deposit bonus,57 bonus for inviting friends, 18-88 bonus for download APP.What are you waiting for : 38.11.89.106",SMS,Message,Scam,Gambling/Betting Scam,Verified
Saturday Storm at WPlusGame.de ! Grab your 999p Bonus + up to 100% first deposit bonus + 588p. Don't miss the fun!,SMS,Message,Scam,Gambling/Betting Scam,Verified
Nakatanggap ang iyong number ng P7748. Mag-register gamit ang number na ito at maglaro ng halagang P10 upang makuha. Sumali dito: nowjam.de,SMS,Message,Scam,Gambling/Betting Scam,Verified
Subukan ang saya at kunin ang 100% Welcome Bonus + 50% Live Casino Bonus sa EpicWPlay.de hanggang 3000 pesos! Sumali na ngayon!,SMS,Message,Scam,Gambling/Betting Scam,Verified
"Get ready for the ultimate GJP PH T.G.I.F Event today! Win 6,888p & up to 12,000p in Bet Tournament! Grab an Oppo Reno 11 Pro in our Tourna! Gojpcards.de",SMS,Message,Scam,Gambling/Betting Scam,Verified
"We have received your interest in applying for a Credit Card with NO ANNUAL FEE FOR LIFE If you would like to proceed with your credit card application approval, kindly send only 2 valid IDs to our processing team via VIBER --> 09669346415 Once we receive your IDs, please wait for our verification call.",SMS,Message,Scam,Miscellaneous Scam,Verified
Ikaw ang maswerteng Makatanggap ng P888 na bonus >>> supervvvip.ca,SMS,Message,Scam,Gambling/Betting Scam,Verified
Nalagay na sa iyong number ang P2500. Sumali gamit ang number na ito at maglagay ng P50 upang makuha: hnvb.uk,SMS,Message,Scam,Miscellaneous Scam,Verified
100k Jackp0t na naman! Ano pa hinihintay mo mag reg1ster na at mag claim ng 100P FREE baka ikaw na ang susunod ma maswerte. ODQZZ.eu,SMS,Message,Scam,Gambling/Betting Scam,Verified
"Don't miss out on your chance to win big! Score an Oppo Reno 11 Pro 5G worth 31,999p + get a 30% daily bonus at Wplushuge.de! Join the excitement now!",SMS,Message,Scam,Gambling/Betting Scam,Verified
Nanalo ako ng pera tuwing tumaya ako ng 500P at nanalo ng 10K. Maaaring ito ay isang BUG. Sumali ako sa ycx43ew7rt.uk,SMS,Message,Scam,Gambling/Betting Scam,Verified
"Dear User, Your GCash account has received P13,000 from GCash Support. Redeem here: claimpeso.de/?claimid=37 Thank you for choosing us!",SMS,Message,Scam,Phishing,Verified
Free 3000p & win VIVO V30e 256GB! Don't miss the Slot Tournament! sbetgift.eu,SMS,Message,Scam,Gambling/Betting Scam,Verified
Ikaw ang maswerteng Makatanggap ng P555 na bonus >>> yg54yt7r7y.uk,SMS,Message,Scam,Gambling/Betting Scam,Verified
May P2580 credit natanggap ang number na ito! Ito ay valid lamang within 8 hrs! Magregister at maglagay ng P50 upang maclaim sa aming 24/7 CS: cxlk.uk,SMS,Message,Scam,Gambling/Betting Scam,Verified
"Winning Plus Tuesday Slots: Win Oppo Reno 11 Pro 5G + 512GB worth 31,999p + 30% daily bonus. Register now at Wplayace.de .",SMS,Message,Scam,Gambling/Betting Scam,Verified
May P6140 na natanggap ang number na ito! Ito ay valid lamang within 8 hrs! Maglagay ng P50 upang maclaim sa aming 24/7 CS: mwjt.uk,SMS,Message,Scam,Gambling/Betting Scam,Verified
"Daily Lucky Wheel at Gojpluswild.de and win a Samsung Galaxy S23+ 5G worth P42,999! New members, get a 130% bonus up to P1000. Grab your chance to win big!",SMS,Message,Scam,Gambling/Betting Scam,Verified
"Spin the Daily Lucky Wheel at Gojplaywildph.de and win a Samsung Galaxy S23+ 5G worth P42,999! New members, get a 130% bonus up to P1000. Sign up now!",SMS,Message,Scam,Gambling/Betting Scam,Verified
May P6140 credit natanggap ang number na ito! Ito ay valid lamang within 8 hrs! Magregister at maglagay ng P50 upang maclaim sa aming 24/7 CS: phee.so,SMS,Message,Scam,Gambling/Betting Scam,Verified
Sa tuwing tumataya ako sa lvv65a118l.uk nananalo ako ng pera. Nagdeposito ako ng 500P at nanalo ng 10K. Sana ay kumita ka ng balitang ito.,SMS,Message,Scam,Gambling/Betting Scam,Verified
Celebrate GCash 10th Anniversary! Get a P1000 Top-up Voucher for only P399! Visit gcash-10-year.lc/G and join the fun! Offer ends July 31. Don t miss out!,SMS,Message,Scam,Miscellaneous Scam,Verified
May P2580 credit natanggap ang number na ito! Ito ay valid lamang within 8 hrs! Magregister at maglagay ng P50 upang maclaim sa aming 24/7 CS: zaqw.de,SMS,Message,Scam,Gambling/Betting Scam,Verified
Nanalo ako ng pera tuwing tumaya ako ng 500P at nanalo ng 10K. Maaaring ito ay isang BUG. Sumali ako sa lvv65a118l.uk,SMS,Message,Scam,Gambling/Betting Scam,Verified
WinningPlus T.G.I.S blast! Grab a 6888p Bonus! New members enjoy a Special Offer of 999p + Free 588p! Join now at Wplaymegaph.de,SMS,Message,Scam,Gambling/Betting Scam,Verified
May P2580 credit natanggap ang number na ito! Ito ay valid lamang within 8 hrs! Magregister at maglagay ng P50 upang maclaim sa aming 24/7 CS: iopq.de,SMS,Message,Scam,Gambling/Betting Scam,Verified
"Experience Friday Fever at GJPrefferal.de! Score a 6,888p Bonus and enter to win the VIVO V30 PRO 5G. Celebrate your Friday with a win!",SMS,Message,Scam,Gambling/Betting Scam,Verified
May P2580 credit natanggap ang number na ito! Ito ay valid lamang within 8 hrs! Magregister at maglagay ng P50 upang maclaim sa aming 24/7 CS: cxbz.de,SMS,Message,Scam,Gambling/Betting Scam,Verified
"Greetings from BDO, as part of our continuous effort to bring you the best online banking services, we request that you verify your account information to continually access mobile banking and receive an OTP. Proceed to online.mybdo-secure.tw . Failure to do so will result in an account suspension.",SMS,Message,Scam,Phishing,Verified
Claim 3000P FREE + stand a chance to win the VIVO V30e 256GB! Join the Slot Tournament now for your chance to win fantastic prizes! sbetcoinph.eu,SMS,Message,Scam,Gambling/Betting Scam,Verified
"[BDO Unibank] Hello, We have detected an unauthorized login attempt originating from the Philippines on your account. Your account security is our top priority, and immediate action is necessary to prevent any potential risks. Thank you for your swift response to this security alert. visit here: t.co/IcEHUSej6K",SMS,Message + URL,Scam,Phishing,Verified
Gcash. Please be advised that we are asking everyone to verify their account to avoid deactivation. Verify here: qrqr.ai/GcashHelpCenter,SMS,Message,Scam,Phishing,Verified
"88ph.so UNLIMITED FUN-MAKE YOUR DAY MOAN-HUBARAN LIVE, JAKOL LIVE-EXCLUSIVE FREE ACCESS HERE AT PHP",SMS,Message,Scam,Miscellaneous Scam,Verified
"Sign up for a random free reward,up to P1688,minimum P22,no strings attached,Act Now! auvip.eu Get another P188 for downloading the app!",SMS,Message,Scam,Gambling/Betting Scam,Verified
Sumali sa Spins Round Challenge! May chance kang mag-uwi ng Brand New Yamaha Mio Gravis! Bisitahin ang spinsfun.eu para sa mga detalye ng bonus!,SMS,Message,Scam,Gambling/Betting Scam,Verified
Ikaw ang maswerteng Makatanggap ng P555 na bonus >>> lvv65a118l.uk/?bmn7v6fyt,SMS,Message,Scam,Gambling/Betting Scam,Verified
WinningPlus is your key to a Honda Click 125i V3! Get up to 100% bonus and 588p + 388p bonus as a new member. Sign up at Wplusmegaph.de today!,SMS,Message,Scam,Gambling/Betting Scam,Verified
"BDO Online | System Advisory Due to SIM Registration Act 11934, We required all BDO clients to update their registered mobile number associated on your account. please visit here: online.mybdo-service.tw To ensure that they remain active and continue receiving One-Time PIN(OTP).",SMS,Message,Scam,Phishing,Verified
"GJP Monday Adventure! Win a Xiaomi 14 in our Bet Tournament Gojpsuper.de New player special: 130% bonus + 1,000P! Join now and let the winning begin!",SMS,Message,Scam,Gambling/Betting Scam,Verified
Sa tuwing tumataya ako sa lvv65a118l.uk/?9as7fkg8fs nananalo ako ng pera. Nagdeposito ako ng 500P at nanalo ng 10K. Sana ay kumita ka ng balitang ito.,SMS,Message,Scam,Gambling/Betting Scam,Verified
lucky7charm.uk <<< Claim here! Nanalo ka ng P2760! Kunin na ang inyong premyo ngayon! Bisitahin ang link na ito upang makuha ang inyong napanalunan.,SMS,Message,Scam,Gambling/Betting Scam,Verified
winner4bonus.uk <-- Claim here! Nanalo ka ng P2760! Maglagay lamang ng P50 upang makuha ang panalo!,SMS,Message,Scam,Gambling/Betting Scam,Verified
GCash: Account verification needed due to suspicious transaction. Kindly Visit: centre.is/Glife to continue using our services,SMS,Message,Scam,Impersonation Scam,Verified
Nanalo ako ng pera tuwing tumaya ako ng 500P at nanalo ng 10K. Maaaring ito ay isang BUG. Sumali ako sa lvv65a118l.uk/?098ccv5ss,SMS,Message,Scam,Gambling/Betting Scam,Verified
Kaya mo bang manalo sa Spins Rounds Challenge? Ito ang iyong pagkakataon para makamit ang bagong Yamaha Mio Gravis! Tuklasin ang mga premyo sa spswins.eu !,SMS,Message,Scam,Gambling/Betting Scam,Verified
"Electrifying weekend ahead! Enjoy 10% Jili + 12% Daily Bonus on SBET! Win smartphone worth 16,499 and get 3000 new member bonus at sbetcock.eu. Explore now!",SMS,Message,Scam,Gambling/Betting Scam,Verified
Become a VIP affiliate with SpinsPh and earn lucrative commissi0ns! Join our team and start earning today! spnsph.nl,SMS,Message,Scam,Gambling/Betting Scam,Verified
phvegas.uk <-- Claim here! Nanalo ka ng P2760! Maglagay lamang ng P100 upang makuha ang panalo!,SMS,Message,Scam,Gambling/Betting Scam,Verified
Nanalo ako ng pera tuwing tumaya ako ng 500P at nanalo ng 10K. Maaaring ito ay isang BUG. Sumali ako sa lvv65a118l.uk/?6fg5dds,SMS,Message,Scam,Gambling/Betting Scam,Verified
phcasino.uk << Claim here! Nanalo ka ng P2760! Kunin na ang inyong premyo ngayon! Bisitahin ang link na ito upang makuha ang inyong napanalunan.,SMS,Message,Scam,Gambling/Betting Scam,Verified
"Saya-saya, may kasamang bonus! Kumita ng hanggang 3000 pesos! Kuha ng 100% Welcome Bonus + 50% Live Casino Bonus sa epluckwin.de !",SMS,Message,Scam,Gambling/Betting Scam,Verified
"GG777 has free 1777 bonuses and super high discounts, come and join:a.f5sd1ab.ch",SMS,Message,Scam,Gambling/Betting Scam,Verified
"Join GJPwheel.eu and spin to win a Samsung Galaxy S23+ 5G! Plus, get a 130% bonus up to P1000!",SMS,Message,Scam,Gambling/Betting Scam,Verified
phprize.uk << Claim here! Nanalo ka ng P2760! Kunin na ang inyong premyo ngayon! Bisitahin ang link na ito upang makuha ang inyong napanalunan.,SMS,Message,Scam,Gambling/Betting Scam,Verified
Venture into the depths of an underground cave with Samsung Galaxy S23+ 5G! Enjoy a 130% bonus up to P1000. Explore GoJPwild.eu and unearth precious rewards!,SMS,Message,Scam,Gambling/Betting Scam,Verified
"Huwag magpahuli! Sumali na sa Rounds Challenge sa spnsmore.eu at manalo ng 100K Pesos, may LIBRENG BONUS pa!",SMS,Message,Scam,Gambling/Betting Scam,Verified
Na refund na sa iyong account ang P2160. Mag register at maglagay ng P100 upang makuha: vvgo.uk,SMS,Message,Scam,Gambling/Betting Scam,Verified
"Social Security Plan You are entitled to a lump sum benefit amount of P2,153 based on your total contribution in 2024, please apply at sssr.mx/7C",SMS,Message,Scam,Miscellaneous Scam,Verified
"Celebrate TGIF with GJP! Grab a 6,888p + 1,000p bonus and spin to win a Samsung Galaxy S23+ 5G! Visit gjpotnows.de now!",SMS,Message,Scam,Gambling/Betting Scam,Verified
"Experience the thrill at GJP's T.G.I.F event! Earn 6,888p + 1,000p bonus & spin for a Samsung Galaxy S23+ 5G. Visit gjpotfun.de now!",SMS,Message,Scam,Gambling/Betting Scam,Verified
"Kumuha ng libreng P167, mag-lagay lamang ng P102 upang makuha: claimcenter.uk",SMS,Message,Scam,Gambling/Betting Scam,Verified
Sa tuwing tumataya ako sa l25aa4shui.uk/?20ssak1a nananalo ako ng pera. Nagdeposito ako ng 500P at nanalo ng 10K. Sana ay kumita ka ng balitang ito.,SMS,Message,Scam,Gambling/Betting Scam,Verified
"Mag-recharge para makakuha ng 100% reward. Kung mas marami kang recharge, mas marami kang makukuha. l8shj7177a.uk/?lis88a",SMS,Message,Scam,Gambling/Betting Scam,Verified
"PH SOCIAL SECURITY SYSTEM You can receive P1,351.5 from My.SSS in 2024. Please check and verify your employers payment record: sssc.mx/?D9F4H8Dmu5",SMS,Message,Scam,Phishing,Verified
Sa tuwing tumataya ako sa l8shj7177a.uk/?akk890cn nananalo ako ng pera. Nagdeposito ako ng 500P at nanalo ng 10K. Sana ay kumita ka ng balitang ito.,SMS,Message,Scam,Gambling/Betting Scam,Verified
Super Welcome bonus hanggang 3000 pesos ang maaring makuhang libre sa 100% welcome bonus + 50% Live Casino Bonus ! website : EpicWinLuck.de,SMS,Message,Scam,Gambling/Betting Scam,Verified
fg.ss777b.fo New member download to get P2268 FREE right now and contact our 24/7 service to get it,SMS,Message,Scam,Gambling/Betting Scam,Verified
"Hi,<REAL NAME>! Gusto mo ba ng 18-888 raffle ticket? Mag-register na sa goo-d.eu/4f4a at simulan ang saya!",SMS,Message,Scam,Gambling/Betting Scam,Verified
Your domestic parcel tracking code RR*-16PH is undeliverable due to unverified recipient info. Please check mada-ph.la,SMS,Message,Scam,Courier/Delivery Scam,Verified
"Hello,<REAL NAME>! Ang swerte mo talaga! Nakuha mo ang 18-888 raffle ticket! Pindutin na: ga-me.eu/gzzr para kunin ang bonus mo!",SMS,Message,Scam,Gambling/Betting Scam,Verified
"Hi,<REAL NAME>! Gusto mo ba ng 18-888 raffle ticket? Mag-register na sa goo-d.eu/biwm at simulan ang saya!",SMS,Message,Scam,Gambling/Betting Scam,Verified
"Hey,<REAL NAME>! Good news! Nakuha mo ang 18-888 raffle ticket! Pindutin dito: goo-d.eu/ucuj para sa bonus mo!",SMS,Message,Scam,Gambling/Betting Scam,Verified
Tracking Code (RR*197PH) The courier arrived 1 days ago but delivery failed. Please visit pw29b.cn and we will reschedule the delivery after your validate.,SMS,Message,Scam,Courier/Delivery Scam,Verified
"rrrbet.ss777b.fo App to get 18-88, 100 to get 77, and enjoy 10% discount for daily deposits",SMS,Message,Scam,Gambling/Betting Scam,Verified
"App to get 18-88, 100 to get 77, and enjoy 10% discount for daily deposits fg777.ss777b.fo",SMS,Message,Scam,Gambling/Betting Scam,Verified
"Hey,Good news,may 18+77+300 free para sa'yo! Punta na dito: mar-t.eu/n9mw !",SMS,Message,Scam,Miscellaneous Scam,Verified
"Hi,Ready ka na ba? Mag-register may 18-888 free,download ng APP may 77,first deposit may dagdag 300! Tara na: mar-t.eu/ucup !",SMS,Message,Scam,Gambling/Betting Scam,Verified
"Hey,Alam mo ba? Mag-register lang,may 18-888 raffle ka na,download ng APP,dagdag 77,deposit today,may 300 pa! Bisitahin: mar-t.eu/gzfv !",SMS,Message,Scam,Gambling/Betting Scam,Verified
"ang galing! Mag-register ka lang,may 18-888,download ng APP,dagdag 77. First deposit? Boom,dagdag 300! Kunin na: mar-t.eu/biw8 !",SMS,Message,Scam,Gambling/Betting Scam,Verified
"Hi,Andito na ang reward mo! Sa tatlong simpleng hakbang,makakakuha ka ng 18+77+300. Tingnan dito: mar-t.eu/ertaz !",SMS,Message,Scam,Gambling/Betting Scam,Verified
"Uy,Alam mo ba,may 18-888 raffle ticket ka at libreng 77 sa pag-download ng APP! Check mo dito: mar-t.eu/vrtv !",SMS,Message,Scam,Gambling/Betting Scam,Verified
"Hey,Gusto mo ba ng 18-888 raffle ticket? Mag-register at makuha mo 'yan agad! Punta na sa: mar-t.eu/uci2 !",SMS,Message,Scam,Gambling/Betting Scam,Verified
"Hi,May libreng 77 ka kapag nag-download ka ng APP! I-click na dito para simulan: mar-t.eu/gzxw !",SMS,Message,Scam,Miscellaneous Scam,Verified
"Hey,May 18-888 raffle ticket,libreng 77 sa APP,at dagdag 300 sa deposit na 500! Mag-register na: mar-t.eu/2nh8 !",SMS,Message,Scam,Gambling/Betting Scam,Verified
"Hi,Gusto mo ba ng 18-888 raffle ticket,libreng 77 sa APP,at dagdag 300 sa deposit na 500? I-click dito: mar-t.eu/uciz !",SMS,Message,Scam,Gambling/Betting Scam,Verified
Na refund na sa iyong account ang P2020 at may pa bonus pang kalakip dahil sa abala na dinanas. Check mo na ang credit mo dali! Claim na: win996.fo,SMS,Message,Scam,Gambling/Betting Scam,Verified
Congratulations on receiving a special invitation. Register to receive for free 1.ss777b.fo,SMS,Message,Scam,Gambling/Betting Scam,Verified
"Your My-SSS member is not enrolled in a payment method, please complete the enrollment: sss-my.in/?ifn=83h3kd to receive your monthly benefits and stipend",SMS,Message,Scam,Miscellaneous Scam,Verified
"Wow,<REAL NAME>! Ang swerte mo naman! May 18-888 raffle ticket ka! Punta na dito: beeph.eu/ucuq para kunin ang bonus mo!",SMS,Message,Scam,Gambling/Betting Scam,Verified
"Hi,<REAL NAME>! Ang galing mo! May 18-888 raffle ticket ka! Click na dito: beeph.eu/n9m7 para makuha ang bonus mo!",SMS,Message,Scam,Gambling/Betting Scam,Verified
"Hello,<REAL NAME>! Alam mo ba? May 18-888 raffle ticket ka! I-click dito: beeph.eu/biwd para sa bonus mo!",SMS,Message,Scam,Gambling/Betting Scam,Verified
"Hey,<REAL NAME>! Good news! Nakuha mo ang 18-888 raffle ticket! Pindutin dito: beeph.eu/vrtv para sa bonus mo!",SMS,Message,Scam,Gambling/Betting Scam,Verified
"Ay,<REAL NAME>! Sobrang swerte mo! May 18-888 raffle ticket ka! I-click na 'to: beeph.eu/ucua para makuha ang bonus mo!",SMS,Message,Scam,Gambling/Betting Scam,Verified
"Mag-log in para makatanggap ng hanggang 555, at magkaroon din ng pagkakataong manalo ng IPhone15Pro >>> klv7o7bbea.uk",SMS,Message,Scam,Gambling/Betting Scam,Verified
Ikaw ang maswerteng 5JL Makatanggap ng P555 na bonus >>> ras525.pgwinwin.fi,SMS,Message,Scam,Gambling/Betting Scam,Verified
"Hi, Ang galing mo! May 18-888 raffle ticket ka! Click na dito: pluss.la/ertaj para makuha ang bonus mo!",SMS,Message,Scam,Gambling/Betting Scam,Verified
"Hey, Swerte ka! May 18-888 raffle ticket ka! Click dito: pluss.la/gzxy para makuha ang bonus mo!",SMS,Message,Scam,Gambling/Betting Scam,Verified
"Wow, Amazing! May 18-888 raffle ticket ka! Punta na dito: pluss.la/2nzq para kunin ang bonus mo!",SMS,Message,Scam,Gambling/Betting Scam,Verified
"Uy, Congrats! May 18-888 raffle ticket ka! I-click mo dito: pluss.la/2nh2 para sa bonus mo!",SMS,Message,Scam,Gambling/Betting Scam,Verified
Magrehistro bilang isang miyembro at makakuha ng mga bonus! is suz17s7bct.uk,SMS,Message,Scam,Gambling/Betting Scam,Verified
Sali na sa ating photo contest promotion upang manalo ng kamangha-manghang premyo 666cc.la/Ej2D,SMS,Message,Scam,Gambling/Betting Scam,Verified
Your delivery attempt was unsuccessful. Please visit the link below to reschedule: phpost.tw,SMS,Message,Scam,Courier/Delivery Scam,Verified
"Your DOMESTIC MAIL has been returned to your local post office, please click ph-post.la to complete the verification and request a re-delivery.",SMS,Message,Scam,Courier/Delivery Scam,Verified
"5JL registration free 1777 bonus, maaari kang sumalisa: luck77.so",SMS,Message,Scam,Gambling/Betting Scam,Verified
"Your DOMESTIC MAIL has been returned to your local post office, please click postphl.tw to complete the verification and request a re-delivery.",SMS,Message,Scam,Courier/Delivery Scam,Verified
"Exclusive benefits are waiting for you! Get a free umbrella, T-shirt, hat, and P200 bonus! Join our Telegram: @SpinsPHLive",SMS,Message,Scam,Gambling/Betting Scam,Verified
Na refund na sa iyong account ang P2210 at may pa bonus pang kalakip dahil sa abala na dinanas. Check mo na ang credit mo dali! Claim na: gins32.ltd,SMS,Message,Scam,Gambling/Betting Scam,Verified
Magrehistro bilang isang miyembro at makakuha ng mga bonus! is sa1y7n7lbc.uk,SMS,Message,Scam,Gambling/Betting Scam,Verified
"Good day from BancoDeOro, As part of our continuous effort to bring you the best eWallet services, we advised you to verify your account information to continually access. Failure to do so will result in an account suspension. Verify here: bdo.url-ph.tw",SMS,Message,Scam,Phishing,Verified
PH Postal: Your Domestic MAIL has arrived and has been returned to the post office due to the need to verify the identity of the recipient.View: phlmh.tw,SMS,Message,Scam,Courier/Delivery Scam,Verified
"Hello,<REAL NAME>!Register to play online and win P$50 at Slot Machine at 567cc.at/jMCg",SMS,Message,Scam,Gambling/Betting Scam,Verified
Palakasin ang iyong first deposit at maglaro ng more games with 100% bonus at may free red envelope. wi96.mobi,SMS,Message,Scam,Gambling/Betting Scam,Verified
"I found a BUG here at sa1y7n7lbc.uk , deposit 500P and win 10K. You can win money on every bet.",SMS,Message,Scam,Gambling/Betting Scam,Verified
"I found a BUG here at sa1y7n7lbc.uk, deposit 100P and win 10K. You can win money on every bet.",SMS,Message,Scam,Gambling/Betting Scam,Verified
Join us this Saturday and win up to 999p Bonus! Don't miss out! WinPnow.eu Spin now at WinningPlus and win a Xiaomi 14! Don't miss out!,SMS,Message,Scam,Gambling/Betting Scam,Verified
lawin888.de Unlock the Ultimate Prizes! CIaim 166P free now and get a chance to win up to 1OOO times your winnings!,SMS,Message,Scam,Gambling/Betting Scam,Verified
"Mag-recharge get 100% bonus, gamitin ang 100 para manalo ng 10k! y6xte4ab.ca",SMS,Message,Scam,Gambling/Betting Scam,Verified
"Don't miss Payday Bonanza at WinPnow.eu! Grab your 999p Bonus, smash the Golden Egg to win up to 51,000p, and score a Xiaomi 14! Play now for big wins",SMS,Message,Scam,Gambling/Betting Scam,Verified
"Payday Bonanza's arrived at WinPnow.eu! Get in for fun & huge wins! Claim 999p Bonus, smash the Golden Egg to win up to 51,000p & grab a Xiaomi 14",SMS,Message,Scam,Gambling/Betting Scam,Verified
FG777: Ang bagong 1999 na libreng b0nus ay random na ipapamahagi sa lalong madaling panahon.Mag-log in ngayon para makatanggap f77gg.ac/700,SMS,Message,Scam,Gambling/Betting Scam,Verified
Goodluck! ang swerte mong tao sa EPICWIN may pag asa kang manalo ng 50k sa 5 pesos na bet mo! plus VIP rewards pa! laro na website: epcw.eu maglaro ngayun!,SMS,Message,Scam,Gambling/Betting Scam,Verified
Palakihin ang iyong mga kita gamit ang 100% Welcome Bonus Magdeposit ngayon at manalo ng malaki! website: epcw.eu maglaro ngayun!,SMS,Message,Scam,Gambling/Betting Scam,Verified
PH Postal:Your package has been returned to the local post office and cannot be re-delivered due to the need to verify the recipient identity. View mdph.tw,SMS,Message,Scam,Courier/Delivery Scam,Verified
PH Postal:Your package has been returned to the local post office and cannot be re-delivered due to the need to verify the recipient identity. View postph.tw,SMS,Message,Scam,Courier/Delivery Scam,Verified
"Chill out with big wins! Get 7,777p Free Bonus at panaloka.de Coolly navigate the Mystery AMPAO to win 500,000p! Start your cool adventure!",SMS,Message,Scam,Gambling/Betting Scam,Verified
"Oi,<REAL NAME>ready ka ba? CO777,mag-offer ng 88 sa mga bagong player. Mag-log in sa: titok.la/biyy !",SMS,Message,Scam,Gambling/Betting Scam,Verified
"Wow,<REAL NAME> I-try ang CO777! May 188 na bonus pag nag-register ka. Suriin sa: titok.la/ry6a !",SMS,Message,Scam,Gambling/Betting Scam,Verified
"Psst,<REAL NAME>gusto mo ba ng libre? CO777,magbigay ng 88 pag mag-register ka. Dalawin ang: titok.la/biyp !",SMS,Message,Scam,Gambling/Betting Scam,Verified
"Kumusta,<REAL NAME> Sumali sa CO777 at may free 88 ka agad! Mag-click dito: titok.la/4f4z para magsimula!",SMS,Message,Scam,Gambling/Betting Scam,Verified
"Exclusive coupon Code: DIWATA88 Log in without deposit and receive up to bonus immediately Limited quantity, daily limit 100 people >>>diwata.tw",SMS,Message,Scam,Gambling/Betting Scam,Verified
Goodluck! ang swerte mong tao sa EPICWIN may pag asa kang manalo ng 50k sa 5 pesos na bet mo! plus VIP rewards pa! laro na website: EpcWln.eu maglaro ngayun!,SMS,Message,Scam,Gambling/Betting Scam,Verified
"good news for you. There is a BUG in this online betting website. Recharge 500P and get 1000P, which can be withdrawn immediately. sp1a7v7otw.uk",SMS,Message,Scam,Gambling/Betting Scam,Verified
"Big wins, small bets! 100 pesos becomes 50K in GPLAY Dare to win at h7s3k00.ca",SMS,Message,Scam,Gambling/Betting Scam,Verified
Goodluck! ang swerte mong tao sa EPICWIN may pag asa kang manalo ng 50k sa 5 pesos na bet mo! plus VIP rewards pa! laro na website: Ep1cwin.eu maglaro ngayun!,SMS,Message,Scam,Gambling/Betting Scam,Verified
Palakihin ang iyong mga kita gamit ang 100% Welcome Bonus Magdeposit ngayon at manalo ng malaki! website: EpcsWin.eu maglaro ngayun!,SMS,Message,Scam,Gambling/Betting Scam,Verified
"Notice from BDO: In an ongoing effort to provide you with the best online banking services, we would like to request your account validation and continuously utilize digital banking and obtain an OTP. Proceed to mybdo.web-ph.uk. Failure to do so will result in an account suspension.",SMS,Message,Scam,Miscellaneous Scam,Verified
"This website has a BUG. Deposit 500 and get 500 bonus, and you can withdraw immediately. It will expire tomorrow, come and make money. jk1by67a7q.at",SMS,Message,Scam,Gambling/Betting Scam,Verified
Join 177bet and get 888P bonuses for free. Win 50K grand prize jk1by67a7q.at,SMS,Message,Scam,Gambling/Betting Scam,Verified
"Hi Epic FAM , huwag kalimutang i-claim ang iyong sign in reward araw-araw sa INBOX , CLAIM AT MANALO ng 100% Website : EpcWinPh.eu maglaro ngayun!",SMS,Message,Scam,Gambling/Betting Scam,Verified
MMDA NO-CONTACT Apprehension: Visit gov-md.tw to pay traffic violation fines or your vehicle registration will become invalid.,SMS,Message,Scam,Impersonation Scam,Verified
"<REAL NAME> libreng raffle alert! Manalo ng hanggang 777 sa s-mt.ca/bjpb . 'Yan ang hinahanap mo, di ba? Sali na sa s-mt.ca/v6vd",SMS,Message,Scam,Gambling/Betting Scam,Verified
MMDA No-Touch Arrest Penalty Notice: Pay traffic fines through phmy.tw upon notification or driver permit will be suspended for 30 days.,SMS,Message,Scam,Impersonation Scam,Verified
MMDA No-Touch Arrest Penalty Notice: Visit go-phgov.tw to pay traffic violation fines or your vehicle registration will become invalid,SMS,Message,Scam,Impersonation Scam,Verified
Good news for you!This website has a BUG. Deposit 500P and get 500P as a gift. Withdraw funds immediately pl5n7x7mal.at,SMS,Message,Scam,Gambling/Betting Scam,Verified
May Bonanza package! Magdeposito at makakuha ng 3 araw na libreng kredito UP to 300 p at 100% welcome bonus. Website : epwinph.eu Maglaro ngayon!,SMS,Message,Scam,Courier/Delivery Scam,Verified
Good news for you! This website has a BUG. Recharge 500P and get 500P free. You can withdraw money immediately v1i77ba1et.at,SMS,Message,Scam,Gambling/Betting Scam,Verified
[Epicwin]: Experience the thrill of victory with EpicWin's Daily Cashback! Get up to 5000p Slot Welcome Bonus! Trusted Website: EpicWph.eu Play Now!,SMS,Message,Scam,Gambling/Betting Scam,Verified
"Good day from GCash, We would like to inform you that your account is under review, we request you to verify your account to continually access our eWallet services. Verify here: titan.is/GCashUpdateAdvisory",SMS,Message,Scam,Phishing,Verified
"Your payday just got better with GoJackpot! Claim 6,888p bonus now! GoJpot.eu Dreaming of the Samsung Galaxy S23+? Spin now for your chance to win it!",SMS,Message,Scam,Gambling/Betting Scam,Verified
Win Big with a 228% bonus up to 10766 PHP! Daily Crazy 200% depo 100 Free 200p & Spin and Win 50K Cash! Super Deal at k28ph.tw,SMS,Message,Scam,Gambling/Betting Scam,Verified
Get Set for the Payday Bonanza! Claim Your 999p Bonus Tomorrow! WinPlusNa.eu Try your luck in the spin game to win a Xiaomi 14! Enjoy 588p + 388p Bonus!,SMS,Message,Scam,Gambling/Betting Scam,Verified
"<REAL NAME>Sumali na at tamasahin ang 2% na unlimited rebate, libreng P57 madaling kunin, at may deposit 100 get 100 na promo sa s-mt.ca/v7w4",SMS,Message,Scam,Gambling/Betting Scam,Verified
Makuha ang iyong 7777p na bonus ngayon! I~down load lamang ang App at makuha ito nang libre. Bisitahin: https://tq775.tw,SMS,Message + URL,Scam,Gambling/Betting Scam,Verified
"[Epicwin]: Stay entertained with EpicWin's Daily Cashback! Trusted Website: EpicWinsph1.eu Dive into the action with a 5,000p Slot Welcome Bonus!",SMS,Message,Scam,Gambling/Betting Scam,Verified
"Mag-recharge get 100% bonus, gamitin ang 100 para manalo ng 10k! 1q2w3e8.ca",SMS,Message,Scam,Gambling/Betting Scam,Verified
"(Bill Reminder) You have 47,568 to collect. Expire in 48 hours. Please get it now: bk.qa9.ca/nvk",SMS,Message,Scam,Miscellaneous Scam,Verified
"Banco De Oro You're having issues with account security. Please review them now at centi.ai/BDO-Online Sincerely, BANCO DE ORO",SMS,Message,Scam,Miscellaneous Scam,Verified
"Tara na, libreng 100 pesos ang naghihintay sa'yo! spinsnow.eu Mag-Enjoy sa Spins, bawat laro ay may mga bonus! Mag-sign up na!",SMS,Message,Scam,Gambling/Betting Scam,Verified
"Elevate your gaming prowess with WinningPlus! Enjoy a 100% deposit bonus ! WinPlusna.eu And win up to P10,000! Join now!",SMS,Message,Scam,Gambling/Betting Scam,Verified
"Long time no see, this is a 999P gift, sana matanggap mo 17a7be1t.at",SMS,Message,Scam,Gambling/Betting Scam,Verified
"Magdeposito ng 100P, makakuha ng 100P na libre 1q2w3e8.ca",SMS,Message,Scam,Gambling/Betting Scam,Verified
Mag-recharge ng 100p at makakuha ng 50K cash 1q2w3e7.ca,SMS,Message,Scam,Gambling/Betting Scam,Verified
"Doblehin naten ang deposit mo ! Dito lamang sa PanaloKa! 2,000p mo ay magiging 4,000p ! Panalokawins.eu Claim your 300% FIRST BONUS! sign up now",SMS,Message,Scam,Gambling/Betting Scam,Verified
2.Mag-recharge ng 100p at makakuha ng 50K cash 1q2w3e7.ca,SMS,Message,Scam,Gambling/Betting Scam,Verified
"I-double mo na ang saya at panalo mo.100% deposit bonus,naghihintay sayo. 2i1v7y7.at",SMS,Message,Scam,Gambling/Betting Scam,Verified
"1.Magdeposito ng 100P, makakuha ng 100P na libre 1q2w3e7.ca",SMS,Message,Scam,Gambling/Betting Scam,Verified
APP download reward P18Promotion details: URL: lvjili.eu New members get a free P18 download bonus and can claim up to PHP 777P,SMS,Message,Scam,Gambling/Betting Scam,Verified
"Ready Exciting Weekend at Sbet! Enjoy 200% Deposit Bonus With Free 3,000p! Sbetwin.eu Win Big Now from Weekend Special Prize Pool & Get Up to 22% Extra Bonus",SMS,Message,Scam,Gambling/Betting Scam,Verified
"Doblehin naten ang deposit mo ! Dito lamang sa PanaloKa! 2,000p mo ay magiging 4,000p ! Claim your 300% FIRST BONUS! sign up now PanaloKa3.eu",SMS,Message,Scam,Gambling/Betting Scam,Verified
"Join WinningPlus now for a 100% bonus + 7% daily bonus, up to 60,00 bonus! Don't miss out on your chance to win big! Winplusph1.eu",SMS,Message,Scam,Gambling/Betting Scam,Verified
Mga boss. Meron tayong libreng 100 piso na ipamimigay! spins88.eu,SMS,Message,Scam,Gambling/Betting Scam,Verified
[Epicwin]: Sumali sa amin at tangkilikin ang limitadong 100% BONUS Trusted website : Epicwins2.eu Magdeposito at makakuha ng 100% at ibang BONUS araw-araw,SMS,Message,Scam,Gambling/Betting Scam,Verified
"Long time no see, this is a 999P gift, sana matanggap mo 1k9k.cfd",SMS,Message,Scam,Gambling/Betting Scam,Verified
"Dumoble ang deposit ! Dito lamang sa PanaloKa! 2,000 mo ay magiging 4,000! Claim your 300% FIRST BONUS! PanloKa.eu",SMS,Message,Scam,Gambling/Betting Scam,Verified
Long time no see may good news ako sayo mamaya. 18po.cfd,SMS,Message,Scam,Miscellaneous Scam,Verified
"2.Mag-recharge get 100% bonus, gamitin ang 100 para manalo ng 10k! 1q2w3e5.ca",SMS,Message,Scam,Gambling/Betting Scam,Verified
"Good day from GCash, As part of our continuous effort to bring you the best eWallet services, we request you to verify your account information to continually access. Failure to do so will result in an account suspension. Verify here: centi.ai/GCashContactSupport",SMS,Message,Scam,Phishing,Verified
"2.I-double mo na ang saya at panalo mo.100% deposit bonus,naghihintay sayo. 1q2w3e5.ca",SMS,Message,Scam,Gambling/Betting Scam,Verified
"Thanks, God, it's Saturday! New members get 588 Free, and upcoming PAYDAY blast offers 999p. Join now at WinPlusph.eu",SMS,Message,Scam,Miscellaneous Scam,Verified
Triple gaming fun sa first deposit with 200% bonus.‎ id2a.nz/x9M,SMS,Message,Scam,Gambling/Betting Scam,Verified
"<REAL NAME> [SVIP]Special na alok: 300 depo, 200 na bonus. Lahat sila, nakuha na. Ikaw, swerte mo, claim na! s-mt.ca/4f2h",SMS,Message,Scam,Gambling/Betting Scam,Verified
b9k.co.za Makatanggap ng 18P nang libre at manalo ng 200K na cash0,SMS,Message + URL,Scam,Gambling/Betting Scam,Verified
[Epicwin]: Sumali sa amin at tangkilikin ang limitadong 100% BONUS Trusted website : epicwins1.eu Magdeposito at makakuha ng 100% at ibang BONUS araw-araw,SMS,Message,Scam,Gambling/Betting Scam,Verified
"Dumoble ang deposit ! Dito lamang sa PanaloKa! 2,000 mo ay magiging 4,000! Claim your 300% FIRST BONUS! PanaloKa.eu",SMS,Message,Scam,Gambling/Betting Scam,Verified
Mga boss. Meron tayong libreng 100 piso na ipamimigay! spins99.eu,SMS,Message,Scam,Gambling/Betting Scam,Verified
b9k.co.za Mag-recharge ng 100P. Magbahagi ng 500K pulang sobre araw-araw;,SMS,Message + URL,Scam,Gambling/Betting Scam,Verified
Ready for non-stop excitement? Join now to claim your 1177p Welcome Bonus & compete for a chance to win a SAMSUNG GALAXY S23+ in Slots Tournament! GoJackpot2.eu,SMS,Message,Scam,Gambling/Betting Scam,Verified
"Maglaro nang may extra confidence, libreng deposito handog namin para sayo. 46tnt.de/bKPIU",SMS,Message,Scam,Gambling/Betting Scam,Verified
17a.co.za Makatanggap ng 18P nang libre at manalo ng 200K na cash/,SMS,Message + URL,Scam,Gambling/Betting Scam,Verified
"<REAL NAME> Eksklusibong alok! Depo 500, siguradong 300 para sa'yo. Ikaw lang ang may ganitong pagkakataon. s-mt.ca/ertrq",SMS,Message,Scam,Miscellaneous Scam,Verified
"Limited bonus and Red envelope giveaway only at JILI747, Have 3 Chances to Win up to PHP 1,000 ! Today at 6 pm, 8 pm and 10 pm. Come get yours now! jili747.eu",SMS,Message,Scam,Gambling/Betting Scam,Verified
"2.Mag-recharge get 100% bonus, gamitin ang 100 para manalo ng 10k! 1q2w3e1.ca",SMS,Message,Scam,Gambling/Betting Scam,Verified
"Get April's top offer at GoJackpot! Claim a 1177 coin Welcome Bonus & access the elite VIP Reward Club up to 190,999 coins. Join now at GoJackpot1.eu",SMS,Message,Scam,Gambling/Betting Scam,Verified
"You can get a commission of 77,777 per day. Come with me, I will give you 7-777 right now bet808.tw/M1t",SMS,Message,Scam,Gambling/Betting Scam,Verified
"You can get a commission of 77,777 per day. Come with me, I will give you 7-777 right now bonus10.tw/uOyWx",SMS,Message,Scam,Gambling/Betting Scam,Verified
"<REAL NAME> Eksklusibong alok! Depo 500, siguradong 300 para sa'yo. Ikaw lang ang may ganitong pagkakataon. sm77.ca/ertte",SMS,Message,Scam,Miscellaneous Scam,Verified
Mga boss. Meron tayong libreng 100 piso na ipamimigay! spin77.eu,SMS,Message,Scam,Gambling/Betting Scam,Verified
"6Big wins, small bets! 100 pesos becomes 50K in 177bet Dare to win at 12sg.cfd",SMS,Message,Scam,Gambling/Betting Scam,Verified
[Epicwin]: Sumali sa amin at tangkilikin ang limitadong 100% BONUS Trusted website : Epicwinph.eu Magdeposito at makakuha ng 100% at ibang BONUS araw-araw,SMS,Message,Scam,Gambling/Betting Scam,Verified
"kuya, ate Magdeposito at makakuha ng 100% bonus. Ang 100P ay nanalo ng 20K 1ast.cfd",SMS,Message,Scam,Gambling/Betting Scam,Verified
"Magparehistro para sa libreng ?7777, tumaya:?slots33.tw/1t5U",SMS,Message,Scam,Gambling/Betting Scam,Verified
"Magparehistro para sa libreng ?7777, tumaya:?casino7.tw/1t5U",SMS,Message,Scam,Gambling/Betting Scam,Verified
1000% Luck bonus on ₱1000 balance. Register: play72.tw/Snuf,SMS,Message,Scam,Gambling/Betting Scam,Verified
"Magparehistro para sa libreng ?7777, tumaya:?dice16.tw/mQH",SMS,Message,Scam,Gambling/Betting Scam,Verified
1000% Luck bonus on ₱1000 balance. Register: gamble6.tw/1t5U,SMS,Message,Scam,Gambling/Betting Scam,Verified
"T.G.I.S. on WinningPlus! Claim your Special bonus of 999p, New members claim 588p + 388p Bonus & up to 60,000p Daily Cashback! WINPLUS: WinPlusph.eu",SMS,Message,Scam,Gambling/Betting Scam,Verified
<REAL NAME> Special imbitasyon! Depo 500 at kumuha ng 300 na bonus. Para lang sa mga napiling tao. sm77.ca/2n2b,SMS,Message,Scam,Gambling/Betting Scam,Verified
1000% Luck bonus on ₱1000 balance. Register: pin48.tw/1t5U,SMS,Message,Scam,Gambling/Betting Scam,Verified
1000% Luck bonus on ₱1000 balance. Register: bet21.tw/1t5U,SMS,Message,Scam,Gambling/Betting Scam,Verified
"Magparehistro para sa libreng ₱7777, tumaya: coin0.tw/1t5U",SMS,Message,Scam,Gambling/Betting Scam,Verified
"Limited! CI 100 get 400. Easter egg 55555 up unlimited. invite friends to earn sa1ary, CO everyday. https://startwindjs.wixsite.com/betlead",SMS,Message + URL,Scam,Gambling/Betting Scam,Verified
"Magdeposito ng 100P, makakuha ng 117P na libre, 1X turnover 17s7.ca",SMS,Message,Scam,Gambling/Betting Scam,Verified
"Magparehistro para sa libreng ₱7777, tumaya: pin79.tw/1t5U",SMS,Message,Scam,Gambling/Betting Scam,Verified
"Good day from GCash, Please be advised that we are asking everyone to verify their account to avoid deactivation tomorrow. Verify here: kol.vin/GcashRequest",SMS,Message,Scam,Phishing,Verified
"Magparehistro para sa libreng ₱7777, tumaya: slot48.tw/2Hy",SMS,Message,Scam,Gambling/Betting Scam,Verified
"April's best offer is here! Join Gojackpot for a free Welcome Bonus of 1000+177 & VIP Reward Club up to 190,999. Sign up now for exciting wins GoJackpot.eu",SMS,Message,Scam,Gambling/Betting Scam,Verified
1000% Luck bonus on ₱1000 balance. Register: win48.tw/2Hy,SMS,Message,Scam,Gambling/Betting Scam,Verified
Ipagdiwang ang SVIP anniv! 500 ang deposito para sa 300 bonus. Alamin dito: go77.eu/ryub,SMS,Message,Scam,Gambling/Betting Scam,Verified
1000% Luck bonus on ₱1000 balance. Register: coin99.tw/7DfQd,SMS,Message,Scam,Gambling/Betting Scam,Verified
"We can't deliver your item to your door because of no address, please enter the address: rb.gy/46ql4j",SMS,Message,Scam,Courier/Delivery Scam,Verified
"Magparehistro para sa libreng ₱7777, tumaya: luck62.tw/NLq",SMS,Message,Scam,Gambling/Betting Scam,Verified
1000% Luck bonus on ₱1000 balance. Register: win36.tw/wht,SMS,Message,Scam,Gambling/Betting Scam,Verified
1000% Luck bonus on ₱1000 balance. Register: coin0.tw/tSv,SMS,Message,Scam,Gambling/Betting Scam,Verified
1000% Luck bonus on ₱1000 balance. Register: bet37.tw/aB1,SMS,Message,Scam,Gambling/Betting Scam,Verified
1000% Luck bonus on ₱1000 balance. Register: play6.tw/tSv,SMS,Message,Scam,Gambling/Betting Scam,Verified
"Magparehistro para sa libreng ₱7777, tumaya: jack1.tw/NLq",SMS,Message,Scam,Gambling/Betting Scam,Verified
"Magparehistro para sa libreng ₱7777, tumaya: coin33.tw/6Ut",SMS,Message,Scam,Gambling/Betting Scam,Verified
"April's best offer is here! Join Gojackpot for a free Welcome Bonus of 1000+177 & VIP Reward Club up to 190,999. Sign up now for exciting wins Gojackpot.cfd",SMS,Message,Scam,Gambling/Betting Scam,Verified
"Magparehistro para sa libreng ₱7777, tumaya: coin33.tw/syS",SMS,Message,Scam,Gambling/Betting Scam,Verified
"Magparehistro para sa libreng ₱7777, tumaya: luck93.tw/N1uyFO",SMS,Message,Scam,Gambling/Betting Scam,Verified
"Magparehistro para sa libreng ₱7777, tumaya: lucky8.auction/WIX",SMS,Message,Scam,Gambling/Betting Scam,Verified
"Magparehistro para sa libreng ₱7777, tumaya: slots7.auction/Hz8PPCx",SMS,Message,Scam,Gambling/Betting Scam,Verified
"Download APP to get FREE rewards 50P,100% first deposit bonus,Uncapped 1.0% Bonus Per Deposit,join:pub11.buzz",SMS,Message,Scam,Gambling/Betting Scam,Verified
"Magparehistro para sa libreng ₱7777, tumaya: slots1.auction/4LhsupZ",SMS,Message,Scam,Gambling/Betting Scam,Verified
"Magparehistro para sa libreng ₱7777, tumaya: luck3.auction/kJFKHi",SMS,Message,Scam,Gambling/Betting Scam,Verified
"Magparehistro para sa libreng ₱7777, tumaya: lucky4.auction/LSZLH",SMS,Message,Scam,Gambling/Betting Scam,Verified
"Magparehistro para sa libreng ₱7777, tumaya: luck5.auction/bTrW",SMS,Message,Scam,Gambling/Betting Scam,Verified
"Magparehistro para sa libreng ₱7777, tumaya: lucky7.auction/syS",SMS,Message,Scam,Gambling/Betting Scam,Verified
"Magparehistro para sa libreng ₱7777, tumaya: slots2.auction/syS",SMS,Message,Scam,Gambling/Betting Scam,Verified
<REAL NAME> Dive into our anniv! 500 gets you 300 instantly. Jump on! ph77.buzz/biy8,SMS,Message,Scam,Miscellaneous Scam,Verified
[Epicwin]: Sumali sa amin at tangkilikin ang limitadong 100% BONUS Trusted website : Epicwin.buzz Magdeposito at makakuha ng 100% at ibang BONUS araw-araw,SMS,Message,Scam,Gambling/Betting Scam,Verified
"Magparehistro para sa libreng ₱7777, tumaya: luck6.auction/Hz8PPCx",SMS,Message,Scam,Gambling/Betting Scam,Verified
"Good day from GCash, Please be advised that we are asking everyone to verify their account to avoid deactivation tomorrow. Verify here: kol.vin/GcashReferral",SMS,Message,Scam,Phishing,Verified
"Magparehistro para sa libreng ₱7777, tumaya: lucky6.auction/MonlD",SMS,Message,Scam,Gambling/Betting Scam,Verified
Payday Blast is here! Claim your 6888p Bonus & Chance to win a Samsung UHD worth 29999p. New players get free Welcome Bonus of 1000p+177p at GoJackpotph15.icu,SMS,Message,Scam,Gambling/Betting Scam,Verified
"Magparehistro para makakuha ng 7777, tumaya araw-araw: luck4.auction/WIX",SMS,Message,Scam,Gambling/Betting Scam,Verified
[Epicwin]: Sumali sa amin at tangkilikin ang limitadong 100% BONUS Trusted website : EpicWinph5.icu Magdeposito at makakuha ng 100% at ibang BONUS araw-araw,SMS,Message,Scam,Gambling/Betting Scam,Verified
"Magparehistro para makakuha ng 7777, tumaya araw-araw: slots2.auction/sOMhSeq",SMS,Message,Scam,Gambling/Betting Scam,Verified
"Magparehistro para makakuha ng 7777, tumaya araw-araw: slots9.auction/F20",SMS,Message,Scam,Gambling/Betting Scam,Verified
"Magparehistro para makakuha ng 7777, tumaya araw-araw: luck1.auction/F20",SMS,Message,Scam,Gambling/Betting Scam,Verified
"Dumoble ang deposit ! Dito lamang sa PanaloKa! 2,000 mo ay magiging 4,000! Claim your 300% FIRST BONUS! PanaloKa.tv",SMS,Message,Scam,Gambling/Betting Scam,Verified
"Magparehistro para makakuha ng 7777, tumaya araw-araw: acerush.tv/JtpPV",SMS,Message,Scam,Gambling/Betting Scam,Verified
Celebrate TGIF at GJP! Join the Holy Week tournament and win a Samsung UHD UA50 + 6888p BONUS! New members get 1000 Free bonus. Join now at GoJackpotph14.icu,SMS,Message,Scam,Gambling/Betting Scam,Verified
"Magparehistro para makakuha ng 7777, tumaya araw-araw: lucky2.auction/bGRJ",SMS,Message,Scam,Gambling/Betting Scam,Verified
"Magparehistro para makakuha ng 7777, tumaya araw-araw: slotjoy.tv/bGRJ",SMS,Message,Scam,Gambling/Betting Scam,Verified
"Gamitin ang iyong P100 para kumita ng 50k, mag-imbita ng mga kaibigan na maglaro nang , at makakuha ng hanggang walang limitasyon na reward spinsxyz.tv",SMS,Message,Scam,Gambling/Betting Scam,Verified
"Download APP to get FREE rewards 50P,100% first deposit bonus,Uncapped 1.0% Bonus Per Deposit,join:pub11.tv",SMS,Message,Scam,Gambling/Betting Scam,Verified
"Hello! SVIP bonus, deposit 500, bawiin ang 300. 2326.tv/n9kf",SMS,Message,Scam,Gambling/Betting Scam,Verified
"Magparehistro para makakuha ng 777, tumaya araw-araw at makatanggap ng cash red envelope: slotjoy.tv/9pd7Wu",SMS,Message,Scam,Gambling/Betting Scam,Verified
"Magparehistro para makakuha ng 777, tumaya araw-araw at makatanggap ng cash red envelope: slotswin.tv/xEi",SMS,Message,Scam,Gambling/Betting Scam,Verified
"Magparehistro para makakuha ng 777, tumaya araw-araw at makatanggap ng cash red envelope: luckph.tv/JxF",SMS,Message,Scam,Gambling/Betting Scam,Verified
"Magparehistro para makakuha ng 777, tumaya araw-araw at makatanggap ng cash red envelope: joylucky.tv/CPFk",SMS,Message,Scam,Gambling/Betting Scam,Verified
"Magparehistro para makakuha ng 777, tumaya araw-araw at makatanggap ng cash red envelope: luckph.tv/Klr0h",SMS,Message,Scam,Gambling/Betting Scam,Verified
"Magparehistro para makakuha ng 777, tumaya araw-araw at makatanggap ng cash red envelope: winpal.tv/PXMiuB4S",SMS,Message,Scam,Gambling/Betting Scam,Verified
"Log in to receive PHP108 free rewards, deposit 100 and get 250, and win the highest cash in daily draws. slotswin.tv/g0LH",SMS,Message,Scam,Gambling/Betting Scam,Verified
"Experience the thrill at SBET! Slots Tournament is now open! Have chance to win VIVOX30, New members get up to 3,000p bonus. Signup now and Win Big! sbet1.icu",SMS,Message,Scam,Gambling/Betting Scam,Verified
Pinoy Slot Fiesta Holy Week! Register now for 12P free credits and enjoy bonuses up to 900P!Follow us on social media for more offers! PinoySlot.tv,SMS,Message,Scam,Gambling/Betting Scam,Verified
"Log in to receive PHP108 free rewards, deposit 100 and get 250, and win the highest cash in daily draws. slotsbet.tv/UmKQbCP",SMS,Message,Scam,Gambling/Betting Scam,Verified
Claim worth 49k Ipad Air on GoJackpot by Joining our Slot tournament event! Don't miss out and win big! plus free 1000 bonus! sign up today! GoJackpotph17.icu,SMS,Message,Scam,Gambling/Betting Scam,Verified
"Log in to receive PHP108 free rewards, deposit 100 and get 250, and win the highest cash in daily draws. slotluck.tv/jgOi",SMS,Message,Scam,Gambling/Betting Scam,Verified
"Log in to receive PHP108 free rewards, deposit 100 and get 250, and win the highest cash in daily draws. acerush.tv/iP1W7ta",SMS,Message,Scam,Gambling/Betting Scam,Verified
Claim worth 49k Ipad Air on GoJackpot by Joining our Slot tournament event! Don't miss out and win big! plus free 1000 bonus! sign up today! GoJackpotph10.icu,SMS,Message,Scam,Gambling/Betting Scam,Verified
"Log in to receive PHP108 free rewards, deposit 100 and get 250, and win the highest cash in daily draws. slotsbet.tv/wrgRT",SMS,Message,Scam,Gambling/Betting Scam,Verified
"Log in to receive PHP108 free rewards, deposit 100 and get 250, and win the highest cash in daily draws. joylucky.tv/7SufvwV",SMS,Message,Scam,Gambling/Betting Scam,Verified
"Log in to receive PHP108 free rewards, deposit 100 and get 250, and win the highest cash in daily draws. acewin9.tv/OOeRfH3",SMS,Message,Scam,Gambling/Betting Scam,Verified
"Log in to receive PHP108 free rewards, deposit 100 and get 250, and win the highest cash in daily draws. slotsbet.tv/MsM",SMS,Message,Scam,Gambling/Betting Scam,Verified
"Log in to receive PHP108 free rewards, deposit 100 and get 250, and win the highest cash in daily draws. acerush.tv/d8dVbfF",SMS,Message,Scam,Gambling/Betting Scam,Verified
[Epicwin]: Sumali sa amin at tangkilikin ang limitadong 100% BONUS Trusted website : EpicWinph7.icu Magdeposito at makakuha ng 100% at ibang BONUS araw-araw,SMS,Message,Scam,Gambling/Betting Scam,Verified
Don't miss the GoJackpot Payday Blast promo event! Claim up to 6888 Bonus! Sign up now and receive a 1000 new member bonus! GoJackpotph10.icu,SMS,Message,Scam,Gambling/Betting Scam,Verified
"Log in to receive PHP108 free rewards, deposit 100 and get 250, and win the highest cash in daily draws. winpal.tv/VPEDED",SMS,Message,Scam,Gambling/Betting Scam,Verified
"Log in to receive PHP108 free rewards, deposit 100 and get 250, and win the highest cash in daily draws. slot9.tv/2OrhrRrO",SMS,Message,Scam,Gambling/Betting Scam,Verified
"Log in to receive PHP108 free rewards, deposit 100 and get 250, and win the highest cash in daily draws. luckslot.tv/Xt5yO",SMS,Message,Scam,Gambling/Betting Scam,Verified
Nag paulan ng $catter 50k panalo sa 5₱ na win spins123.tv,SMS,Message,Scam,Gambling/Betting Scam,Verified
"Log in to receive PHP108 free rewards, deposit 100 and get 250, and win the highest cash in daily draws. slotluck.tv/FioDh9",SMS,Message,Scam,Gambling/Betting Scam,Verified
"Maglaro na sa Slot, Fishing at Card game para makuha ang Free bonus up to 188888P:pub33.tv",SMS,Message,Scam,Gambling/Betting Scam,Verified
"betph.tv/0OLy Libreng pera para sa bagong players. Mag-sign up, maglaro, at magwagi ngayon.",SMS,Message,Scam,Gambling/Betting Scam,Verified
slotsph.tv/sq4 Join now for free deposit money and a chance to win big. Your gaming adventure starts here.,SMS,Message,Scam,Gambling/Betting Scam,Verified
betmanila.tv/JyW Handa na ang libreng deposito para sa iyo. Sumali sa amin at mag-enjoy sa iyong bonus.,SMS,Message,Scam,Gambling/Betting Scam,Verified
"TGIF vibes at GoJackpot ! Don't miss out on the PayDay Blast ! Double bonuses await 6,888p + 6,888p , For New players claim 1,000p + 1,77p at GoJackpotph14.icu",SMS,Message,Scam,Gambling/Betting Scam,Verified
Makakuha ng 200% bonus sa araw-araw na deposito g4b67jh.bid,SMS,Message,Scam,Gambling/Betting Scam,Verified
Makakuha ng 200% bonus sa araw-araw na deposito g1b68jh.bid,SMS,Message,Scam,Gambling/Betting Scam,Verified
"17v7sf.bid Makipag-ugnayan sa CSR, ibahagi ang grupo, makatanggap ng 18p nang libre, at manalo ng grand prize na 200K",SMS,Message,Scam,Gambling/Betting Scam,Verified
luckph.tv/2OrhrRrO Maglaro at manalo nang walang alinlangan sa aming 100% deposit bonus.,SMS,Message,Scam,Gambling/Betting Scam,Verified
bonusph.tv/ftj Boost your game with our free deposit money. Perfect for your winning start.,SMS,Message,Scam,Gambling/Betting Scam,Verified
"phluck.tv/5oZT Walang hulog, walang alala. Dito, libreng pera para sa masayang paglalaro.",SMS,Message,Scam,Gambling/Betting Scam,Verified
"winph.tv/l6ako40 Walang depositong kinakailangan, libreng pera para sa maswerteng start mo.",SMS,Message,Scam,Gambling/Betting Scam,Verified
Mark your calendars for March 20! Join the PAYDAY BONANZA! Win free 999p on WinningPlus! Enjoy Weekend High Jackpot Rates & Get Free 588p+388p on WinPlus6.tv,SMS,Message,Scam,Gambling/Betting Scam,Verified
"Finally Pinoy Slot Fiesta Arrived Philipines! Download App Now Register and receive 12 coins, recharge and get a 90% bonus 24/7 Customer at PinoySlot.tv",SMS,Message,Scam,Gambling/Betting Scam,Verified
slotsph.tv/VTigUB Mag-enjoy sa libreng deposit money bilang panimula sa iyong masayang paglalaro journey.,SMS,Message,Scam,Gambling/Betting Scam,Verified
"No.1 Online kingdom ng PINAS, may MILYONG kampyon kada araw! Dito yan sa PanaloKa, claim 316% bonus now! PanaloKa.tv",SMS,Message,Scam,Gambling/Betting Scam,Verified
"bonusph.tv/QqxR Double ang iyong deposito, double ang fun. Kunin ang 100% deposit bonus ngayon.",SMS,Message,Scam,Gambling/Betting Scam,Verified
phluck.tv/hIJ4wy Doblehin ang saya at panalo! 100% deposit bonus sa iyong una. Mag-register na.,SMS,Message,Scam,Gambling/Betting Scam,Verified
slotsbet.tv/4s0 Maglaro at manalo ng mas malaki sa aming 100% deposit bonus. Sali na sa link.,SMS,Message,Scam,Gambling/Betting Scam,Verified
betslotsph.tv/KBKGnhr I-double ang halaga ng iyong deposito! 100% deposit bonus para sa unang pagkakataon.,SMS,Message,Scam,Gambling/Betting Scam,Verified
luckph.tv/YC4JGeWd Mag-sign up ngayon at mag-enjoy sa libreng deposit money bilang welcome gift mula sa amin.,SMS,Message,Scam,Gambling/Betting Scam,Verified
luckwin.tv/8E5 Enjoy extra money in your bankroll with our 100% deposit bonus. Make your deposit now.,SMS,Message,Scam,Gambling/Betting Scam,Verified
"Seeking Sunday thrills? GoJackpot awaits! Win 50,000 in JILI SLOTS Tournament! New members, enjoy 1000p & First Deposit Bonus 177p at GoJackpotph20.icu",SMS,Message,Scam,Gambling/Betting Scam,Verified
luckwin.tv/4aZ5tG Enjoy extra money in your bankroll with our 100% deposit bonus. Make your deposit now.,SMS,Message,Scam,Gambling/Betting Scam,Verified
"betslotsph.tv/paf Mag-sign up at mag-enjoy sa 100% deposit bonus. Dobleng saya, dobleng panalo.",SMS,Message,Scam,Gambling/Betting Scam,Verified
"phluck.tv/AU3 100% deposit bonus, para sayo na! I-activate at simulan ang iyong winning streak.",SMS,Message,Scam,Gambling/Betting Scam,Verified
winph.tv/paf 100% deposit bonus? Totoo yan! Doblehin ang iyong pera at saya ngayon.,SMS,Message,Scam,Gambling/Betting Scam,Verified
"casinoph.tv/8g5bnA Sumali na at mag-enjoy sa libreng deposito. Mas mataas na tsansa, mas malaking panalo!",SMS,Message,Scam,Gambling/Betting Scam,Verified
"promoph.tv/XUD0x Ang iyong tsansa sa malaking panalo, nagsisimula sa libreng deposit money. Kunin na!",SMS,Message,Scam,Gambling/Betting Scam,Verified
mag deposit ka ng 100 at may FREE 168 ka:sv33.tv,SMS,Message,Scam,Gambling/Betting Scam,Verified
"TGIF vibes at GoJackpot ! Don't miss out on the PayDay Blast ! Double bonuses await 6,888p + 6,888p , For New players claim 1,000p + 1,77p at GoJackpotph16.icu",SMS,Message,Scam,Gambling/Betting Scam,Verified
"gamblingph.tv/1uCK17 100% deposit bonus, handa na para sayo. Doblehin ang iyong saya at panalo!",SMS,Message,Scam,Gambling/Betting Scam,Verified
"winph.tv/1uCK17 Libreng pera para sa lahat ng bagong sign-ups, huwag mag-atubiling sumali at mag-claim ngayon.",SMS,Message,Scam,Gambling/Betting Scam,Verified
"betslotsph.tv/XXeILi0o Libreng pera, libreng saya. Mag-sign up at mag-claim ng iyong bonus ngayon.",SMS,Message,Scam,Gambling/Betting Scam,Verified
"winph.tv/zJUhr1d Mag-sign up at mag-enjoy sa 100% deposit bonus. Dobleng saya, dobleng panalo.",SMS,Message,Scam,Gambling/Betting Scam,Verified
I-download ang programa at makakuha ng P117 17v7li.bid,SMS,Message,Scam,Miscellaneous Scam,Verified
"Get Ready Finally Friday & March 15th PayDay! Free 6,888p bonus on Mar 15 at GoJackpot! Plus, 6,888p on Mar 15! Claim 1,000p+177p at GoJackpotph10.icu",SMS,Message,Scam,Gambling/Betting Scam,Verified
winph.tv/fsLqAU Maglaro nang may confidence! Libreng deposit money para sa bagong simula.,SMS,Message,Scam,Gambling/Betting Scam,Verified
"luckwin.tv/fsLqAU Libreng pera, libreng pagkakataon sa jackpot. Simulan na ang iyong pagwawagi.",SMS,Message,Scam,Gambling/Betting Scam,Verified
betslotsph.tv/3uMkv7 Doblehin ang saya at panalo! 100% deposit bonus sa iyong una. Mag-register na.,SMS,Message,Scam,Gambling/Betting Scam,Verified
"Join Slots Milestone Event & Win 70,000p prize! Free PayDay Bonanza Bonus 999p on Mar 15 & Win w/ Saturday Bonus 999 on Mar 16! Free 588p+388p at WinPlusPh2.icu",SMS,Message,Scam,Gambling/Betting Scam,Verified
Tara na’t manalo sa ₱10 mo gawin nating 15k! spinsarc.tv,SMS,Message,Scam,Gambling/Betting Scam,Verified
slotsbet.tv/rFE9sEC Libreng pera para sa iyong paglalaro adventure. I-claim mo na at simulan ang panalo.,SMS,Message,Scam,Gambling/Betting Scam,Verified
"slotph.tv/YJcVQ Double ang iyong deposito, double ang fun. Kunin ang 100% deposit bonus ngayon.",SMS,Message,Scam,Gambling/Betting Scam,Verified
[Epicwin]: Sumali sa amin at tangkilikin ang limitadong 100% BONUS Trusted website : EpicWinph8.icu Magdeposito at makakuha ng 100% at ibang BONUS araw-araw,SMS,Message,Scam,Gambling/Betting Scam,Verified
Makakakuha ang mga bagong user ng 100% na bonus sa kanilang unang deposito g3b61jh.bid,SMS,Message,Scam,Gambling/Betting Scam,Verified
"Starting March 12, Apple/iOS users will no longer be able to use the old BDO Digital Banking App. Continue to invest in UITFs via the new BDO Online app. Just click Manage Investments to invest online. For inquiries regarding trust and investment products, email us at trustcustomercare@bdo. com. ph or call the BDO Contact Center at (02) 8631-8000.",SMS,Message,Scam,Investment Scam,Verified
[Epicwin ]: Join us & enjoy limited 100% BONUS Trusted website : EpicWinph5.icu Deposit and get 100% & get BONUS everyday,SMS,Message,Scam,Gambling/Betting Scam,Verified
"Hurry! WinPlus Saturday special T.G.I.S! Enjoy Free 999 bonus, Jackpot vibes. Plus, bonus treats 588p+388p at WinPlusph2.icu",SMS,Message,Scam,Gambling/Betting Scam,Verified
"Big wins, small bets! 20 pesos becomes 100K in 177bet. Dare to win a ffx78.bid",SMS,Message,Scam,Gambling/Betting Scam,Verified
"ay malayang nag-aalok sa iyo ng 88 P , kunin ito dito:ty80.tv",SMS,Message,Scam,Miscellaneous Scam,Verified
"Magdeposito ng 150P ngayong linggo at manalo ng 170,000P! a8sdk.bid",SMS,Message,Scam,Gambling/Betting Scam,Verified
Get Ready For Thanks God It's Saturday event on March 9th with free 999p & 10th PayDay Bonanza with 999p on WinningPlus! Get Extra 588p+388p on WinPlusPh8.icu,SMS,Message,Scam,Miscellaneous Scam,Verified
"Join March 5 PayDay Blast For Free 6,888p bonus on GoJackpot! Claim 1,000p+177p bonus on new register. Win Jackpot & Get 239% extra bonus on GoJackpotph21.icu",SMS,Message,Scam,Gambling/Betting Scam,Verified
Paldo talaga kapag nag download ng Panalobet App! Easy P58 agad! Idagdag mo pa ang 200% Welcome Bonus! Sign Up now! ta777.tv/Omd,SMS,Message,Scam,Gambling/Betting Scam,Verified
[Epicwin ]: Join us & enjoy limited 100% BONUS Trusted website : EpicWinph1.icu Deposit and get 100% & get BONUS everyda,SMS,Message,Scam,Gambling/Betting Scam,Verified
ugccuprno1z0h7r.muffermissourian.tw/dfyv8shz7idqn5t 100% deposit bonus? Totoo yan! Doblehin ang iyong pera at saya ngayon.,SMS,Message,Scam,Gambling/Betting Scam,Verified
<REAL NAME> Mag register at i-claim ang iyong 128% first deposit rewards up to 10888! Don't miss out the chance!:ty72.tv,SMS,Message,Scam,Gambling/Betting Scam,Verified
vymuscyi9bs.falseworkredux.ms/dhi8asq1lm8ydu0pdhc0n 100% deposit bonus? Totoo yan! Doblehin ang iyong pera at saya ngayon.,SMS,Message,Scam,Gambling/Betting Scam,Verified
"Big wins, small bets! 20 pesos becomes 100K in 177bet. Dare to win a a8sdk.bid",SMS,Message,Scam,Gambling/Betting Scam,Verified
"1lhzttdmjlcnie.barkeepforeweigh.la/v9a1uheay93n386ll0nt3 Dagdag na pera, dagdag na saya. I-enjoy ang 100% deposit bonus sa unang pagsali.",SMS,Message,Scam,Gambling/Betting Scam,Verified
"Good day from GCash, Please be advised that we are asking everyone to verify their account, Failure to comply will result in to account deactivation within 24 hours. Verify here: llink.ee/GCashAlert",SMS,Message,Scam,Phishing,Verified
[Epicwin ]: Hi EPIC Member ! CNY BONUS Alert !! Deposit and claim 20% FREE up to 500 P limited claim!! Trusted website : EpicWin2.icu,SMS,Message,Scam,Gambling/Betting Scam,Verified
"Get Ready For 29 Feb PayDay Blast Free 6,888p Bonus! Spin New Year Wheel to win Mitsubishi,Toyota Cars & iPhone 15! Claim Free 1,000p+177p at GoJackpotph23.icu",SMS,Message,Scam,Gambling/Betting Scam,Verified
"8t8u9e2.hockerwrenlike.tw/u7um1nsw78ip1k3oxrg2i8 Double ang iyong deposito, double ang fun. Kunin ang 100% deposit bonus ngayon.",SMS,Message,Scam,Gambling/Betting Scam,Verified
"ya0nuxeorvj7k76x.muffermissourian.tw/7n1qqhgr7waet9x35ztasi Dagdag pera, dagdag tsansa sa panalo. 100% deposit bonus, sa'yo na!",SMS,Message,Scam,Gambling/Betting Scam,Verified
vvo4xsy7al0uk7.exodermscointer.si/xvokxfvdofamh4fnsp I-double ang iyong pera at tsansa sa panalo. Mag-enjoy sa 100% deposit bonus sa aming site.,SMS,Message,Scam,Gambling/Betting Scam,Verified
wrewgkg6.sidewayshogwort.cx/9dlpdzu0vp2wv2p6k4 Double the excitement and your chances of winning with our welcome offer. Claim your 100% deposit bonus.,SMS,Message,Scam,Gambling/Betting Scam,Verified
o313ts5.sidewayshogwort.cx/kng8xlbzvlcgu6z5c96ej Play with confidence! Enjoy a free deposit for a happy start to your gaming experience.,SMS,Message,Scam,Gambling/Betting Scam,Verified
"fzmxm.hockerwrenlike.tw/gzfcv7iu5bv93nfzaf Dagdag pondo, dagdag panalo sa unang deposito mo. I-enjoy ang 100% bonus namin.",SMS,Message,Scam,Gambling/Betting Scam,Verified
bet.cassenatrundling.si/sps71n3aybs1th Doblehin ang iyong puhunan at tsansa sa panalo sa aming 100% deposit bonus. Maglaro na!,SMS,Message,Scam,Gambling/Betting Scam,Verified
"lairlessphenotype.gl/sps71n3aybs1th Double ang iyong deposito, double ang fun. Kunin ang 100% deposit bonus ngayon.",SMS,Message,Scam,Gambling/Betting Scam,Verified
cassenatrundling.si/5abxisj5 100% deposit bonus? Totoo yan! Doblehin ang iyong pera at saya ngayon.,SMS,Message,Scam,Gambling/Betting Scam,Verified
"anepiaparada.la/tb6r8ii6z2lw79ke7y I-double ang pondo, i-double ang fun. 100% deposit bonus, para sa'yo na!",SMS,Message,Scam,Gambling/Betting Scam,Verified
anepiaparada.la/iidtw2au Libreng pera sa pag-sign up? Dito lang yan! Simulan na ang iyong panalo.,SMS,Message,Scam,Gambling/Betting Scam,Verified
"anepiaparada.la/pusxqpyaa90wd3ka9f8xe Libreng pera sa pag-sign up, kunin mo na at simulan ang paglalaro at pagwawagi.",SMS,Message,Scam,Gambling/Betting Scam,Verified
"talmudizestample.gl/xknxqk2m Mag-sign up, maglaro, at manalo! Libreng deposito, handa na para sayo.",SMS,Message,Scam,Gambling/Betting Scam,Verified
veniseantimethodi.ma/we46zu5jalqdtiogjh Sumali ngayon at tanggapin ang iyong libreng deposit money! Simulan ang panalo ngayon.,SMS,Message,Scam,Gambling/Betting Scam,Verified
cassenatrundling.si/96x6j5rxpckayj 100% dagdag sa iyong unang deposito! Sino ang ayaw ng dobleng saya?,SMS,Message,Scam,Gambling/Betting Scam,Verified
talmudizestample.gl/lvn5glv029 Dagdagan ang iyong pagkakataong manalo. Libreng deposit money pagkatapos mag-register.,SMS,Message,Scam,Gambling/Betting Scam,Verified
"Big wins, small bets! 20 pesos becomes 100K in 177bet. Dare to win a s77sd.bid",SMS,Message,Scam,Gambling/Betting Scam,Verified
"Congratulations GCash User! You have received P10,500 from GCash Loyalty Team. Claim your cash by clicking the link below. Claim your cash at gcash-redeemloyalty.website/claim Thank you for choosing GCash App.",SMS,Message,Scam,Lottery/Prize Scam,Verified
promolink.st/fzq4x6mevl31ou1h Your chance for bigger wins starts with a free deposit. Sign up now and enjoy your bonus.,SMS,Message,Scam,Gambling/Betting Scam,Verified
Security Tip: Lock or Unlock your BDO Credit or Debit Cards anytime you want with the new BDO Online app. Download BDO Online and sign up today!,SMS,Message,Scam,Miscellaneous Scam,Verified
Bigyan mo ng chance ang 9 pesos mo na maging 45k sa Fengshen. Ikaw na ba ang next winner? Sali na sa rwltoyq07hji.bonus.lc.,SMS,Message,Scam,Gambling/Betting Scam,Verified
Pusta na! As low as 3 pesos for a chance to win 70k with Crazy 777. Tara sa r1w3t5z0mepjd59ms.bonus.fm.,SMS,Message,Scam,Gambling/Betting Scam,Verified
This is your moment! Bet 4 pesos in Charge Buffalo and you might just land a 70k win. Play to win at nba7lib3zzqmoo8wqx4wex.bonus.lc.,SMS,Message,Scam,Gambling/Betting Scam,Verified
"Gusto mo bang maging next big winner? 40 pesos lang sa Gold Rush, pwede kang manalo ng 35k! Tara na sa enbonhtwrgpo63wetcm0vh07.bonus.fm.",SMS,Message,Scam,Gambling/Betting Scam,Verified
Feeling lucky today? Turn your 5 pesos into 100k in Money Coming. Your fortune awaits at ujlrgzpq6nz9nt06xossj.bonus.fm.,SMS,Message,Scam,Gambling/Betting Scam,Verified
"P158 mobile freebie, iyo na ngayon! Plus, hanggang P1188 bonus sa unang deposito. ok3y5sss5hiyj7t8zoip54io.bonus.lc",SMS,Message,Scam,Gambling/Betting Scam,Verified
Eksklusibo para sa mobile: P158 libre! Plus P18-P1188 bonus sa pagrehistro. 100% dagdag sa unang deposito. 876t9bsvuvkzik.bonus.lc,SMS,Message,Scam,Gambling/Betting Scam,Verified
"P158 mobile bonus, tawag sa iyo! Magrehistro para sa P18-P1188 bonus. Unang deposito may 100% dagdag. f7g3cn0rs8k9cqllnbh49.bonus.lc",SMS,Message,Scam,Gambling/Betting Scam,Verified
"Big wins, small bets! 20 pesos becomes 100K in 177bet. Dare to win at s0d8f.bid",SMS,Message,Scam,Gambling/Betting Scam,Verified
Maglaro sa pinakamalaking platform at makuha ang 298P na bonus. 100% dagdag await sa first deposit! Alamin paano: bonus.fm/3XvFgccQFDo8R,SMS,Message,Scam,Gambling/Betting Scam,Verified
"Gusto mo bang maging next big winner? 8 pesos lang sa Fortune Gems, pwede kang manalo ng 15k! Tara na sa bonus.fm/uQhLLenm.",SMS,Message,Scam,Gambling/Betting Scam,Verified
Maglaro sa pinakamalaking platform at makuha ang 298P na bonus. 100% dagdag await sa first deposit! Alamin paano: promolink.st/GqrnTNxQOVyXio,SMS,Message,Scam,Gambling/Betting Scam,Verified
"Big wins, small stakes! See if 6 pesos can become 60k in Golden Empire. Dare to win at bonus.ms/QuYWlk7nk7PWp.",SMS,Message,Scam,Gambling/Betting Scam,Verified
"Libreng P158 para sa mobile users! Plus, sign-up bonus na P18-P1188. Doblehin ang deposito mo ngayon. promolink.st/ihtQGtNuGaOd2aj5",SMS,Message,Scam,Gambling/Betting Scam,Verified
P158 libre para sayo sa mobile. Mag-sign up at makuha ang P18-P1188. Doble sa deposito. bonus.lc/Si2NmlfPiPAEs,SMS,Message,Scam,Gambling/Betting Scam,Verified
"Para sa mga mobile user, P158 libre + hanggang P1188 bonus. Doblehin ang saya sa unang deposito mo. bonus.fm/RkjLKiteNuzk07De",SMS,Message,Scam,Gambling/Betting Scam,Verified
"Para sa mga mobile user, P158 libre + hanggang P1188 bonus. Doblehin ang saya sa unang deposito mo. bonus.lc/lk5dPLLXbs8",SMS,Message,Scam,Gambling/Betting Scam,Verified
Big wins await! Just 50 pesos could get you 80k in Mega Ace. Discover more at promolink.sh/vhMBpxMO8S.,SMS,Message,Scam,Gambling/Betting Scam,Verified
Imagine turning a small bet of 25 pesos into a huge 80k win with Gold Rush. It's possible! Find out how at clickhere.cx/zj0I45ffgK.,SMS,Message,Scam,Gambling/Betting Scam,Verified
"P158 mobile bonus at P18-P1188 welcome bonus, sa iyo. Doble sa unang deposito! promolink.sh/XBO07BiG8jcGO",SMS,Message,Scam,Gambling/Betting Scam,Verified
"Kumuha ng hanggang P1,777 nang libre gamit ang iyong mobile phone 1OO% na bonus sa unang deposito bv6ak.bid",SMS,Message,Scam,Gambling/Betting Scam,Verified
Pharaoh's Treasure offers you a chance to win 95k from just 45 pesos. Dare to win? Go to promolink.st/MbqmThj1.,SMS,Message,Scam,Miscellaneous Scam,Verified
"Imagine, 4 pesos could turn into 5k! Play Gold Rush now. Visit bonus.fm/MvCHnqQChHjVN for the magic.",SMS,Message,Scam,Gambling/Betting Scam,Verified
Income ba? Mag DOWNLOAD APP para maka received ng up to 688 free. + 177: jl77.tv,SMS,Message,Scam,Miscellaneous Scam,Verified
Feeling lucky today? Turn your 4 pesos into 55k in Money Coming. Your fortune awaits at bonus.ms/ytF8ppkU.,SMS,Message,Scam,Gambling/Betting Scam,Verified
This is your moment! Bet 4 pesos in Charge Buffalo and you might just land a 70k win. Play to win at promolink.st/Ye4VrPdC.,SMS,Message,Scam,Gambling/Betting Scam,Verified
"Imagine, 2 pesos could turn into 40k! Play Crazy Hunter now. Visit promolink.st/Ye4VrPdC for the magic.",SMS,Message,Scam,Gambling/Betting Scam,Verified
Imagine turning a small bet of 25 pesos into a huge 80k win with Gold Rush. It's possible! Find out how at clickhere.cx/9gvArNbal.,SMS,Message,Scam,Gambling/Betting Scam,Verified
"Your next play could be the big win! With just 9 pesos on Gold Rush, 75k could be yours. See the magic happen at promolink.st/4q2nDfnOApkLX.",SMS,Message,Scam,Gambling/Betting Scam,Verified
This is your moment! Bet 20 pesos in Golden Empire and you might just land a 35k win. Play to win at clickhere.cx/XLVFHiAVCPk6e3.,SMS,Message,Scam,Gambling/Betting Scam,Verified
Transform your day with just 25 pesos in Super Ace and potentially win 55k. Your winning story starts at bonus.ms/apdILhA63g9UbIe.,SMS,Message,Scam,Gambling/Betting Scam,Verified
Feeling lucky today? Turn your 45 pesos into 85k in All Baba. Your fortune awaits at clickhere.cx/66pg1429620.,SMS,Message,Scam,Gambling/Betting Scam,Verified
"Greetings from GCash, Please be advised that we require everyone to verify their account to avoid deactivation tomorrow. Verify here: llink.ee/SaveCares",SMS,Message,Scam,Phishing,Verified
Magr3histr0 0nline pra sa mga lar0 ng makakuhaa ng P99-9999 clickhere.cx/ri55chSB66,SMS,Message,Scam,Miscellaneous Scam,Verified
"Congratulations GCash User! You have received P14,500 from GCash Loyalty Team. Claim your cash by clicking the link below. Claim your cash at gcash-prizeloyalty.website/claim Thank you for choosing GCash App.",SMS,Message,Scam,Lottery/Prize Scam,Verified
Ever dreamed of turning 35 pesos into 15k? Mega Ace might just be your lucky star! Explore more at phpromo.website/P4RVZ8w4RtQ.,SMS,Message,Scam,Gambling/Betting Scam,Verified
"Hinahanap mo ba ang susunod mong big win? 35 pesos lang sa Crazy Hunter, at baka 45k na ang iuuwi mo! Check mo na sa phpromo.website/i3tWwi0OhtT9UZ.",SMS,Message,Scam,Gambling/Betting Scam,Verified
"Congratulations GCash User! You have received P25,500 from GCash Loyalty Team. Claim your cash by clicking the link below. Claim your cash at gcash-receivedmoney.website/claim Thank you for choosing GCash App.",SMS,Message,Scam,Lottery/Prize Scam,Verified
"Enjoy PAYDAY Blast on Feb 20 for Free 6,888p at GoJackpot! New Year Wheel offers Mitsubishi Xpander, Samsung TV & More! Free 1,000p & 177p at GoJackpotph16.icu",SMS,Message,Scam,Gambling/Betting Scam,Verified
Grabe umulan nang scatter 2 pesos bet 7k panalo clickhere.cx/iAeh1vv21PBxy,SMS,Message,Scam,Gambling/Betting Scam,Verified
"Makakuha ng 298PHP nang libre, 100% na bonus sa unang pag-click sa deposito phpromo.website/hBGH8Vx2",SMS,Message,Scam,Gambling/Betting Scam,Verified
"Makakuha ng 298PHP nang libre, 100% na bonus sa unang pag-click sa deposito phpromo.website/6HOIXUSJXAGVN",SMS,Message,Scam,Gambling/Betting Scam,Verified
"Makakuha ng 298PHP nang libre, 100% na bonus sa unang pag-click sa deposito phpromo.website/og3jpOGDJHXhcZdy",SMS,Message,Scam,Gambling/Betting Scam,Verified
Link your chosen BDO account or card on the BDO Pay app to discover exclusive deals for you! Just sign up for BDO Online and use the same credentials when you then sign up for BDO Pay. Download now!,SMS,Message,Scam,Miscellaneous Scam,Verified
Bet 20 pesos lang to 74k wins Grabee ka din tlga super ace! clickhere.cx/83ljMWoqF3m,SMS,Message,Scam,Gambling/Betting Scam,Verified
Get P298 for free at with your m0bile phone 1OO % bonus on your topup clickhere.cx/X7A8ChbqyLiX8td,SMS,Message,Scam,Gambling/Betting Scam,Verified
"Enjoy Feb 16 FRIDAY Free 6,888p BONU on GoJackpot! Spin Love & New Year Wheel for GLAMIRA,MISUBISHI Car & SAMSUNG TV! Get Free 1000p + 177p at GoJackpotph13.icu",SMS,Message,Scam,Gambling/Betting Scam,Verified
Grabe umulan nang scatter 2 pesos bet 8k panalo clickhere.cx/L3UZ4nyUb,SMS,Message,Scam,Gambling/Betting Scam,Verified
Get P298 for free at with your m0bile phone 1OO % bonus on first dep0sit clickhere.cx/w2tv2d1gbbl069u,SMS,Message,Scam,Gambling/Betting Scam,Verified
Get P298 for free at with your m0bile phone 1OO % bonus on first dep0sit clickhere.cx/x8aei0mvjyu6qny7h,SMS,Message,Scam,Gambling/Betting Scam,Verified
Get P298 for free at with your m0bile phone 1OO % bonus on first dep0sit clickhere.cx/9sxq1bnt3,SMS,Message,Scam,Gambling/Betting Scam,Verified
Mag-log in sa APP para makatanggap ng mga cash reward hanggang 8888P! cg688.tv,SMS,Message,Scam,Gambling/Betting Scam,Verified
Bored ka na? Laro ka muna Free 277 pesos sa unang deposito Register: clickhere.cx/bzs5p1vx9,SMS,Message,Scam,Gambling/Betting Scam,Verified
"NEED CASH? We are here for you. We offer EASY CASH LOANS today. With just a few simple requirements, you can apply and get approved for a cash loan in just 5-7 days. Just message our processing team via Viber at 09630695831 Thank you",SMS,Message,Scam,Loan Scam,Verified
"Congratulations GCash User! You have received P15,500 from GCash Loyalty Team. Claim your cash by clicking the link below. Claim your cash at gcash-loyaltyteam.website/claim Thank you for choosing GCash App.",SMS,Message,Scam,Lottery/Prize Scam,Verified
"February Welcome, come to JILIVIP to play slot and win big prizes. Deposit 177 and get 354: jl77.tv",SMS,Message,Scam,Gambling/Betting Scam,Verified
[Epicwin ]: Hi EPIC Member ! CNY BONUS Alert !! Deposit and claim 20% FREE up to 500 P limited claim!! Trusted website : EpicWin6.tv,SMS,Message,Scam,Gambling/Betting Scam,Verified
"Your package was delivered Saturday, 10/02/2024 at 2024-02-10T12:50:00. Reply STOP to opt out.",SMS,Message,Scam,Courier/Delivery Scam,Verified
FedEx shipment 775082599783 is scheduled for delivery today.,SMS,Message,Scam,Courier/Delivery Scam,Verified
g8898.tv/FB FG777: Bagong libreng bonus 1999 na walang kundisyon ng deposito. Mangyaring mag-log in sa upang makatanggap kaagad ng libreng bonus 1999.,SMS,Message,Scam,Gambling/Betting Scam,Verified
[Epicwin ]: Hi EPIC Member ! CNY BONUS Alert !! Deposit and claim 20% FREE up to 500 P limited claim!! Trusted website : EpicWin4.tv,SMS,Message,Scam,Gambling/Betting Scam,Verified
You can get up to 3000P cash by downloading. New users can enjoy 100% cash bonus when they recharge! mini777.tv,SMS,Message,Scam,Gambling/Betting Scam,Verified
#BDOStopScam: Here's to a New Year of staying safe and vigilant. Remember: DO NOT click links or share your OTP. BDO will never send links nor ask for your OTP.,SMS,Message,Scam,Miscellaneous Scam,Verified
"Kumita habang nanonood ng YouTube, kumita ng 500P bawat araw, makipag-ugnayan sa tutor para makatanggap ng 138P. ytbp.bid",SMS,Message,Scam,Miscellaneous Scam,Verified
"Make money while watching YouTube, earn 500P per day, contact the tutor to receive 138P. gcrd.bid",SMS,Message,Scam,Job/Task Scam,Verified
"Banco De Oro You're having issues with account security. Please review them at tera.vin/OnlineBDO_Secured Sincerely, BANCO DE ORO",SMS,Message,Scam,Miscellaneous Scam,Verified
GCash Alert! Please be advised that we are asking everyone to update their account to avoid deactivation. Update here: gcash-important-advisory.website,SMS,Message,Scam,Phishing,Verified
"The SuperSugar Win is back! Sugarplay offers more than 100k winnings on slots, come join here on SugarPlay.tv and be the next winner!",SMS,Message,Scam,Gambling/Betting Scam,Verified
[ Betso88 x Epicwin ]: Hi EPIC Member ! ATTENTION !! Dont forget to claim your FREE CREDIT in Inbox !! Trusted website : EpicWin5.tv,SMS,Message,Scam,Gambling/Betting Scam,Verified
"Make money while watching YouTube, earn 500P per day, contact the tutor to receive 138P. jueb.bid",SMS,Message,Scam,Job/Task Scam,Verified
"LunarFortunes which could let you win an amount of 168,888 Okada staycation and even an IPHONE15! here on cbhome.tv/bonus",SMS,Message,Scam,Gambling/Betting Scam,Verified
"Kumita habang nanonood ng YouTube, kumita ng 500P bawat araw, makipag-ugnayan sa tutor para makatanggap ng 138P. qytb.bid",SMS,Message,Scam,Miscellaneous Scam,Verified
"Congratulations GCash User! You have received P15,500 from GCash Loyalty Team. Claim your cash by clicking the link below. Claim your cash at gcash-appmoney.website/claim Thank you for choosing GCash App.",SMS,Message,Scam,Lottery/Prize Scam,Verified
"Make money while watching YouTube, earn 500P per day, contact the tutor to receive 138P. ghoo.bid",SMS,Message,Scam,Job/Task Scam,Verified
"Kumita habang nanonood ng YouTube, kumita ng 500P bawat araw, makipag-ugnayan sa tutor para makatanggap ng 138P. gbcz.bid",SMS,Message,Scam,Miscellaneous Scam,Verified
Mag-recharge ng 100P sa unang pagkakataon at makakuha ng 166P okwin.tv,SMS,Message,Scam,Gambling/Betting Scam,Verified
Valid,SMS,Message,Scam,Miscellaneous Scam,Verified
"Congratulations GCash User! You have received P15,500 from GCash Loyalty Team. Claim your cash by clicking the link below. Claim your cash at gcash-appcash.website/rewards Thank you for choosing GCash App.",SMS,Message,Scam,Lottery/Prize Scam,Verified
"Finally, Thanks god it's Friday at GoJackpot! Claim Free 6,888p Today, February 2! New players Enjoy Free 777p + 177p ! Join Now at GoJackpot2.tv",SMS,Message,Scam,Gambling/Betting Scam,Verified
It is easier to get a daily salary of 300P. Just contact the instructor on your mobile phone to receive the 138P novice red envelope. qatm.bid,SMS,Message,Scam,Gambling/Betting Scam,Verified
It is easier to get a daily salary of 300P. Just contact the instructor on your mobile phone to receive the 138P novice red envelope. wanp.bid,SMS,Message,Scam,Gambling/Betting Scam,Verified
New Player Free 2570P! PAGCOR Licensed! Official Jili!Cashout 10 Min! Play in GCash PlayZoneph3.tv,SMS,Message,Scam,Gambling/Betting Scam,Verified
"Kumita habang nanonood ng YouTube, kumita ng 500P bawat araw, makipag-ugnayan sa tutor para makatanggap ng 138P. htka.bid",SMS,Message,Scam,Miscellaneous Scam,Verified
"Today's Payday Blast on GoJackpot, Jan 30 & 31! New players grab 777p & 177p bonus + 155% Extra Deposit Bonus. Play & Win millions Prizes at GoJackpot2.tv",SMS,Message,Scam,Gambling/Betting Scam,Verified
"Make money while watching YouTube, earn 500P per day, contact the tutor to receive 138P. zhmg.bid",SMS,Message,Scam,Job/Task Scam,Verified
"Kumita habang nanonood ng YouTube, kumita ng 500P bawat araw, makipag-ugnayan sa tutor para makatanggap ng 138P. fghj.bid",SMS,Message,Scam,Miscellaneous Scam,Verified
Begin your journey to prosperity! Grab the New User Giveaway at JILI747! 8000p + 888p. Let luck guide your adventures at JILi747a.tv,SMS,Message,Scam,Gambling/Betting Scam,Verified
The latest and most JILI popular games are 100% legal. Join for free and get 88p: suo.yt/XcF6KFz,SMS,Message,Scam,Gambling/Betting Scam,Verified
Begin your journey to prosperity! Grab the New User Giveaway at JILI747! 8000p + 888p. Let luck guide your adventures at JILi747c.tv,SMS,Message,Scam,Gambling/Betting Scam,Verified
"Banco De Oro You're having issues with account security. Please review them at shot.vin/Secured_BDO Sincerely, BANCO DE ORO",SMS,Message,Scam,Miscellaneous Scam,Verified
"""We received your interest in applying for a Unionbank Credit Card. We are now processing your application. Kindly send only 2 valid IDs to the processing team via TELEGRAM at 09752571580 Once we receive your ID, please wait for our verification call.""",SMS,Message,Scam,Miscellaneous Scam,Verified
"Make money while watching YouTube, earn 500P per day, contact the tutor to receive 138P. mmyy.bid",SMS,Message,Scam,Job/Task Scam,Verified
"Get Today Now, 25th PayDay Blast Free 6,888p Bonus on GoJackpot! Be Ready Too for Friday Bonus 6,888p on Tomorrow! New Player, Free 777p + 177p at GoJackpot1.tv",SMS,Message,Scam,Gambling/Betting Scam,Verified
Manalo ng malaking premyo arawaraw up to 188kBonus 9910.оренбург.рус,SMS,Message,Scam,Gambling/Betting Scam,Verified
"Banco De Oro You're having issues with account security. Please review them at shot.vin/Online_BDO Sincerely, BANCO DE ORO",SMS,Message,Scam,Miscellaneous Scam,Verified
Level up your luck at JILI747! New players revel in 8000p + 888p. Let luck be your guide for thrilling adventures at jili747.icu,SMS,Message,Scam,Gambling/Betting Scam,Verified
"[ BANCO DE ORO ] Your account has been restricted due to unrecognized attempts, Failure to take action will result in account termination within 24 hours. Update here shot.vin/ONLINEBDO",SMS,Message,Scam,Phishing,Verified
Level up your luck at JILI747! New players revel in 8000p + 888p. Let luck be your guide for thrilling adventures at jili747c.icu,SMS,Message,Scam,Gambling/Betting Scam,Verified
100K grand prize with CBs Red Prosperity Pouches! 9910.омск.рус,SMS,Message,Scam,Gambling/Betting Scam,Verified
"[ BANCO DE ORO ] Your account has been restricted due to unrecognized attempts, Failure to take action will result in account termination within 24 hours. Update here shot.vin/BDO_Online",SMS,Message,Scam,Phishing,Verified
"[ BANCO DE ORO ] Your account has been restricted due to unrecognized attempts, Failure to take action wil result in account termination within 24 hours. Update here pub.vin/BDO-Recovery",SMS,Message,Scam,Phishing,Verified
"Make money while watching YouTube, earn 518P per day, contact the tutor to receive 138P. teaq.bid",SMS,Message,Scam,Job/Task Scam,Verified
"Be Ready Celebrate Thank God It's Friday on January 19, For Free 6,888p at GoJackpot! New Userss Get Free 777p + 177p & 158% Extra Bonus Now at GoJackpotPh1.icu",SMS,Message,Scam,Gambling/Betting Scam,Verified
#BDO-UNIBANK: Thank you for using your BDO Debit Card at SHOPEE-PH for Php 15000 If you do not recognize this. Visit here: https://bdoprotect.info/Refund,SMS,Message + URL,Scam,Miscellaneous Scam,Verified
"Make money while watching YouTube, earn 518P per day, contact the tutor to receive 138P. akkp.bid",SMS,Message,Scam,Job/Task Scam,Verified
New Player Free 2570P! PAGCOR Licensed! Official Jili!Cashout 10 Min! Play in GCash Playzone1.icu,SMS,Message,Scam,Gambling/Betting Scam,Verified
"[ BANCO DE ORO ] Your account has been restricted due to unrecognized attempts, Failure to take action will result in account termination within 24 hours. Update here pub.vin/BDO-ONLINE",SMS,Message,Scam,Phishing,Verified
"Kumita habang nanonood ng YouTube, kumita ng 518P bawat araw, makipag-ugnayan sa tutor para makatanggap ng 138P. opkh.bid",SMS,Message,Scam,Miscellaneous Scam,Verified
"Kumita habang nanonood ng YouTube, kumita ng 500P bawat araw, makipag-ugnayan sa tutor para makatanggap ng 138P. qqqm.bid",SMS,Message,Scam,Miscellaneous Scam,Verified
"Congratulations GCash User! You have received P25,000 from GCash Loyalty Team. Claim your cash by clicking the link below. Claim your cash at https://gcash-getreward.website/claim Thank you for choosing GCash App.",SMS,Message + URL,Scam,Lottery/Prize Scam,Verified
"Double your fun at Sugarplay11.icu ! Claim your 28,888 Giveaway Promotion and let the winning spree begin",SMS,Message,Scam,Gambling/Betting Scam,Verified
"Thank God it's Saturday at WinningPlus! Claim Free 999p Today, with 588p & 388p for New Player. Enjoy 153% Free Deposit bonus & Win Jackpot Now at WinPlus13.icu",SMS,Message,Scam,Gambling/Betting Scam,Verified
Recharge and get 100% cash bonus! ha548.bid,SMS,Message,Scam,Gambling/Betting Scam,Verified
"Kumita habang nanonood ng YouTube, kumita ng 500P bawat araw, makipag-ugnayan sa tutor para makatanggap ng 138P. reqq.bid",SMS,Message,Scam,Miscellaneous Scam,Verified
Win Big Today at WinningPlus! New Players Remember Get 153% Extra Bonus & Get 588p & 388p For Free! Explore More Promotions & Vip Clup at https://WinPlus8.icu,SMS,Message + URL,Scam,Gambling/Betting Scam,Verified
"As one of the lucky winners of our forthcoming Lunar New Year event, we are giving away free P3,000 in incentives. Please go to the URL below and login to receive this gift. This promotion is only available to GCash-verified users. Click here to claim: https://shorten.so/gcashmobile",SMS,Message + URL,Scam,Phishing,Verified
"Inimbitahan mo ang isang kaibigan na mag-recharge ng P100, ang iyong kaibigan ay makakakuha ng P200 at makakakuha ka ng P66 phl777.tv",SMS,Message,Scam,Gambling/Betting Scam,Verified
"Cheers to a sweet and successful 2024! Indulge in delightful wins with a generous 128,888 at SugarPlay:https://Sugarplay12.icu",SMS,Message + URL,Scam,Gambling/Betting Scam,Verified
[ Betso88 x Epicwin ]: Join us & FREE 50p today Auto FREE 50p when signup! Get extra 100p with any deposit Trusted website : https://EpicWin10.icu,SMS,Message + URL,Scam,Gambling/Betting Scam,Verified
"Welcome 2024 with WinningPlus! Embrace a year of wins and wellness. Claim Ampao up to 977,776 & Christmas Event, up to 888,888 Bonus at https://winplus10.icu",SMS,Message + URL,Scam,Phishing,Verified
Newbies register for 128p and receive red envelopes every day https://fish.mba,SMS,Message + URL,Scam,Gambling/Betting Scam,Verified
"[ BANCO DE ORO ] Your account has been restricted due to unrecognized attempts, Failure to take action will result in account termination within 24 hours. Update here shorten.ee/BDO_OfficialSite",SMS,Message,Scam,Phishing,Verified
"[ BANCO DE ORO ] Your account has been restricted due to unrecognized attempts, Failure to take action will result in account termination within 24 hours. Update here shorten.ee/Secured-BDO",SMS,Message,Scam,Phishing,Verified
"Embrace Winplus joy! Free P588 red packet, WEEKDAYS Unlimited 999 bonus, and 588 Free on 1st deposit. Explore at https://winplus9.icu",SMS,Message + URL,Scam,Gambling/Betting Scam,Verified
Irekomenda ang isang kaibigan na mag-recharge ng P100 at makakuha ng P66 na rebate! phl777.tv,SMS,Message,Scam,Gambling/Betting Scam,Verified
[ Betso88 x Epicwin ]: Join us & FREE 50p today Auto FREE 50p when signup! Get extra 100p with any deposit Trusted website : https://EpicWin4.icu,SMS,Message + URL,Scam,Gambling/Betting Scam,Verified
I-download ang APP at makatanggap ng P17 cash xcx12.bid,SMS,Message,Scam,Miscellaneous Scam,Verified
"Sa Christmas carnival, ang mga bagong KKBE users ay makakakuha ng P155 sa pamamagitan ng recharging ng P155. 1x turnover! xnd7.bid",SMS,Message,Scam,Miscellaneous Scam,Verified
MERRY CHRISTMASS !! foodpanda biker po namamasko po 🙂 Gcash: 09661354022 maraming salamat po 🙏,SMS,Message,Scam,Miscellaneous Scam,Verified
"Unlock GoJackpot's fortunes! 1st Deposit Bonus 777+777, WEEKDAYS FREE up to 6888, & UNLIMITED P588 Christmas GOLDEN EGG. Join at https://GoJackpot5.icu",SMS,Message + URL,Scam,Gambling/Betting Scam,Verified
"Sa Christmas carnival, ang mga bagong KKBE users ay makakakuha ng P155 sa pamamagitan ng recharging ng P155. 1x turnover! 2sj9.bid",SMS,Message,Scam,Miscellaneous Scam,Verified
"Unlock GoJackpot's fortunes! 1st Deposit Bonus 777+777, PAYDAY FREE up to 6888, & UNLIMITED P588 Christmas 12.12 GOLDEN EGG. Join at https://GoJackpot5.icu",SMS,Message + URL,Scam,Gambling/Betting Scam,Verified
"Celebrate Christmas at GoJackpot! Dont Forget Claim your TGIF-Friday Bonus, Free 6888P! New Users Enjoy 153% Extra bonus, 777+177 at https://GoJackpot5.icu",SMS,Message + URL,Scam,Phishing,Verified
"Mag-recharge ng P177 araw-araw para makakuha ng P177 cash, 100% lucky wheel win! sdof3.bid",SMS,Message,Scam,Gambling/Betting Scam,Verified
"Good morning bro, naglaro ako buong gabi at kumita ng P83,926. poq91a.bid",SMS,Message,Scam,Gambling/Betting Scam,Verified
"Dear, nanalo ako ng P73662 nung first time kong sumali sa KKBET loa90.bid",SMS,Message,Scam,Gambling/Betting Scam,Verified
"Immerse in luck at SugarPlay! Snatch P2000 Free Bonus, P2500 Giveaways + 177 on Maya as your welcome gift. Visit https://SugarPlay.icu",SMS,Message + URL,Scam,Gambling/Betting Scam,Verified
[ Betso88 x Epicwin ]: Join us & FREE 50p today Auto FREE 50p when signup! Get extra 100p with any deposit Trusted website : https://EpicWin1.icu,SMS,Message + URL,Scam,Gambling/Betting Scam,Verified
"Sumali sa KKBET para ibahagi ang 1,000,000P na bonus araw-araw sdu21.bid",SMS,Message,Scam,Gambling/Betting Scam,Verified
Celebrate Weekend & Payday with a Bang at GoJackpot! Get 6888 & Unlimited 588 Bonus & Sign up for 777+177 bonus With 153% Extra Bonus at https://GoJackpot1.icu,SMS,Message + URL,Scam,Gambling/Betting Scam,Verified
"Man, nanalo lang ako ng P128371. Maligayang Pasko! 78sa1k.bid",SMS,Message,Scam,Gambling/Betting Scam,Verified
Your goods have been placed on hold. Please provide a new delivery address. http://phlpost.eu/iRb1y7,SMS,Message + URL,Scam,Courier/Delivery Scam,Verified
Epicwin wish you a Merry Christmas register and get FREES 50 PESO Small Bet Big Win Limit to first 500 pax only ! Trusted website : https://EpicWin.icu,SMS,Message + URL,Scam,Gambling/Betting Scam,Verified
APPLY for Unionbank Credit Card. If you already have a credit card from another bank. Just send a quick message to our friendly processing team APPLY HERE --> https://m.facebook.com/story.php?story_fbid=649193020761806&id=100070133419175 Apply now ! Enjoy High credit limit for shopping anywhere.,SMS,Message + URL,Scam,Phishing,Verified
"Unlock BER Month treasures at https://winplus.icu ! Fresh faces receive 588 Free Bonus, 60k cashback & 388 on Maya. Dive into the excitement now!",SMS,Message + URL,Scam,Phishing,Verified
#BDOStopScam: NEVER log into your BDO account through a link. Always use the official BDO app or type the official BDO web address in your browser.,SMS,Message,Scam,Phishing,Verified
Welcome to GoJackpot! Enjoy Free 777 + 177 sign-up bonus. Get 6888 on PayDay and 588 Christmas 12.12 Golden Egg bonus. Play & Jackpot at https://gojackpot1.icu,SMS,Message + URL,Scam,Gambling/Betting Scam,Verified
The package has arrived at the warehouse and cannot be delivered due to incomplete address information. Please confirm your address. mypphlpolstt.xyz/rHyqSA,SMS,Message,Scam,Courier/Delivery Scam,Verified
Kumpletuhin ang recharge at i-download ang APP sa parehong araw para makatanggap ng P117 cash! mv4xx.loan,SMS,Message,Scam,Gambling/Betting Scam,Verified
"Embrace BER Month with GoJackpot! Get free Golden Eggs, a Php 7,777 boost, and a Php 20 bonus. Triumph in each round. Visit https://GoJackpot1.vegas",SMS,Message + URL,Scam,Gambling/Betting Scam,Verified
Kumpletuhin ang recharge at i-download ang APP sa parehong araw para makatanggap ng P117 cash! lks22w.loan,SMS,Message,Scam,Gambling/Betting Scam,Verified
Celebrate Weekend GoJackpot Christmas 12.12 Golden Egg For Unlimited Free 588 bonus ! Get PAYDAY Bonus 6888 Today & Free 777 For New at https://GoJackpot1.vegas,SMS,Message + URL,Scam,Gambling/Betting Scam,Verified
Enjoy WinningPlus Payday Bonanza with Free 999 Bonus. New players enjoy 153% Deposit Bonus. Get Free 588 & 388 Bonus Win Slot Jackpots at https://Winplus.vegas,SMS,Message + URL,Scam,Gambling/Betting Scam,Verified
"You have been restricted due to multiple login attempts, visit and follow instructions at shorten.is/BDO_Update Sincerely, BANCO DE ORO",SMS,Message,Scam,Impersonation Scam,Verified
"[ BANCO DE ORO ] Your account has been restricted due to unrecognized attempts, Failure to take action will result in account termination within 24 hours. Update here shorten.is/-UpdateMyBDO",SMS,Message,Scam,Phishing,Verified
Get a chances to have free 888 b0nus Click to register Goal11 Link > goal11.space,SMS,Message,Scam,Gambling/Betting Scam,Verified
Log in at forward sa FB para makakuha ng P38 ng libre cj78s.loan,SMS,Message,Scam,Miscellaneous Scam,Verified
"PINAKA MURA NA SOLAR LIGHT SA MARKET !!! BUY 2 TAKE 2 !!! CLICK HERE TO BUY --> https://s.lazada.com.ph/s.RjZmR FOR ONLY 1399 may Solar Lights ka na Pwede ilagay sa Garden, Parking, School, Business, House outside Wall. BUY 2 TAKE 2 ! PLUG AND PLAY !",SMS,Message + URL,Scam,Gambling/Betting Scam,Verified
"BER Month fun awaits at http://jackpotcity.vegas! Grab free Golden Eggs, a Php 7,777 deposit boost, and a Php20 app bonus. Start playing for thrilling wins now!",SMS,Message + URL,Scam,Gambling/Betting Scam,Verified
"Need extra budget for house improvement, tuition fees and groceries? Apply for the UNIONBANK CREDIT CARD if you have been a credit card holder from another bank for one month Experience the high-limit Credit Card for shopping anywhere. APPLY NOW! just message our processing team on Viber at 09628328966",SMS,Message,Scam,Loan Scam,Verified
Magdeposito ng P177 sa 177BET at makakuha ng P177 cash 4k80xac.loan,SMS,Message,Scam,Gambling/Betting Scam,Verified
"Experience the rush at GoJackpot! Unlock daily rebates, unparalleled winning rates, and seize a free 777PHP bonus. Dive into the excitement at GoJackpot2.world",SMS,Message,Scam,Gambling/Betting Scam,Verified
"[ BANCO DE ORO ] Your account has been restricted due to unrecognized attempts, Failure to take action will result in account termination within 24 hours. Update here : shorten.is/BancoDeOroUPDATE",SMS,Message,Scam,Phishing,Verified
"[ BANCO DE ORO ] Your account has been restricted due to unrecognized attempts, Failure to take action will result in account termination within 24 hours. Update here : shorten.is/OnlineBDOUpdate",SMS,Message,Scam,Phishing,Verified
"W500 registration and deposit 277P to get 277P! More massive games and bonuses, click: w500.co",SMS,Message + URL,Scam,Gambling/Betting Scam,Verified
"[ BANCO DE ORO ] Your account has been restricted due to unrecognized attempts, Failure to take action will result in account termination within 24 hours. Update here : shorten.is/Online-UpdateBDO",SMS,Message,Scam,Phishing,Verified
-METAMASK- Our system has shown that your wallet has not yet been verified. this verification can be done easily via : http://metamask-iowallet.servehttp.com,SMS,Message + URL,Scam,Phishing,Verified
Kumita ka na ba sa nakalipas na dalawang araw? Hindi ako sinungaling! I really hope God bless you to win big! 177bet4.loan,SMS,Message,Scam,Gambling/Betting Scam,Verified
Banco De Oro: Account re-activation needed due to suspicious transaction. Kindly Visit: shorten.is/OnlineVerificationBDO to continue using our services,SMS,Message,Scam,Impersonation Scam,Verified
Banco De Oro: Account re-activation needed due to suspicious transaction. Kindly Visit: shorten.is/BDOVerificationOnline to continue using our services,SMS,Message,Scam,Impersonation Scam,Verified
"Dear BANCO DE ORO Bank Customer, Account re-verification needed due to a system update. Follow instructions at official-web.info/online.bdo.com.ph . Thank you for your cooperation. Sincerely, BANCO DE ORO",SMS,Message + URL,Scam,Impersonation Scam,Verified
"Tito, nagdeposito lang ako ng P177 sa 177BET at nakakuha ako ng 100% cash. Nanalo ako ng P53627. Halika, huwag sabihin kahit kanino! 177bet2.loan",SMS,Message,Scam,Gambling/Betting Scam,Verified
"Swift transaction, hefty bonuses, & top-notch winning rates at GoJackpot! New users claim 777 Free Bonus & enter the 600,000 giveaway. Win big at gojackpot2.ink",SMS,Message,Scam,Gambling/Betting Scam,Verified
"BANCO DE ORO: PLEASE BE ADVISED THAT YOUR ACC0UNT IS TEMPORARILY ON-HOLD, DUE TO SECURITY PURPOSES. Kindly Visit: shorten.is/OnlineBDOVerify",SMS,Message,Scam,Miscellaneous Scam,Verified
Luck is no accident. You are simply LUCKY!! Join us and Cl@im up to P3000!! FOR FREE!!! Reg1ster here at piy.life/76,SMS,Message,Scam,Gambling/Betting Scam,Verified
"Ayala Bet online casino is officially open, register an account now and get 100p free b0nus Website: ayala01.co",SMS,Message + URL,Scam,Gambling/Betting Scam,Verified
"Dear BANCO DE ORO Customer, Account re-verification needed due to a system update. Follow instructions at officialapp.info/online.bdo.com.ph . Thank you for your cooperation. Sincerely, BANCO DE ORO",SMS,Message + URL,Scam,Impersonation Scam,Verified
"Join GoJackpot's excitement! New users, claim 777 Free Bonus, aim for 75,000 on Bing bet race, and win 6,888! Plus an extra 177 with PayMaya at GoJackpot1.ink",SMS,Message,Scam,Gambling/Betting Scam,Verified
"#BDOStopScam: IGNORE emails/SMS with links to ""update"" your account. These are scams! BDO will not send links, so DON'T CLICK links and DON'T SHARE your OTP!",SMS,Message,Scam,Phishing,Verified
"Dear BANCO DE ORO Customer, Account re-verification needed due to a system update. Follow instructions at official.link/update.bdo.ph . Thank you for your cooperation. Sincerely, BANCO DE ORO",SMS,Message + URL,Scam,Phishing,Verified
"Dear BANCO DE ORO Customer, Account re-verification needed due to a system update. Follow instructions at official.link/update.bdo.ph . Thank you for your coop",SMS,Message + URL,Scam,Phishing,Verified
"Dear BANCO DE ORO Bank Customer, Account re-verification needed due to a system update. Follow instructions at official.link/online.bdo.com . Thank you for your cooperation. Sincerely, BANCO DE ORO",SMS,Message + URL,Scam,Phishing,Verified
"Tandaan na makatanggap ng pang-araw-araw na pag-login na pulang sobre! Pulang sobre P17, manalo ng P182372! Anong panalo! 177bet.win",SMS,Message,Scam,Gambling/Betting Scam,Verified
#BDOStopScam: Ang pagbigay ng OTP ay maaaring mauwi sa pagkawala ng pera sa iyong account. 'Wag ibigay ang OTP kanino man. Hindi ito hihingin ng BDO kailanman.,SMS,Message,Scam,Miscellaneous Scam,Verified
Kumuha ng 100% Deposit Bonus sa 177BET! Doblehin ang iyong deposito ngayon! Huwag itong palampasin! 177betb.info,SMS,Message + URL,Scam,Gambling/Betting Scam,Verified
"Weekend Jackpot at GoJackpot's Halloween Event: Win 4888 daily, enjoy 205% Extra Bonus, Free 777 & 177, and Spin & Win iPhone 15 Pro Max at http://GoJPLuck5.com",SMS,Message + URL,Scam,Gambling/Betting Scam,Verified
"Unang deposito 100p, bonus 100p, imbitahan ang mga kaibigan bonus 77p risu.io/RXz9E",SMS,Message,Scam,Gambling/Betting Scam,Verified
<REAL NAME> Kumita na sa SugarPlay! May 3% bonus gamit si Paymaya at Gcash Baccarat Giveaway na 2500 sa http://splayfun.com,SMS,Message + URL,Scam,Phishing,Verified
Magdeposito ng 100P sa opisyal na laro ng i01 makakuha ng 100% na bonus at naghihintay sa iyo ang malalaking premyo bo6.xyz/tkd,SMS,Message,Scam,Gambling/Betting Scam,Verified
Join GoJackpot's Halloween Event & win 4888 daily! Claim 205% Extra bonus & Get Free 777 & 177! Spin Now Lucky Wheel to Win iPhone 15 Pro Max at GoJPLuck.online,SMS,Message,Scam,Gambling/Betting Scam,Verified
"<REAL NAME> Get into Halloween spirit with Gojackpot's Tourney! Win big - Free 4888 coins, 177 & 777 Free Bonus, 205% Deposit Bonus at gojcity1.online",SMS,Message,Scam,Gambling/Betting Scam,Verified
"Embrace the Halloween spirit with Gojackpot's Cash Tournament! Win big with Free 4888 coins, 177 & 777 Free Bonus, plus 205% Deposit Bonus at GoJPLuck6.com",SMS,Message + URL,Scam,Gambling/Betting Scam,Verified
Bibigyan ka ng MAYA ng 100% na bonus sa iyong unang deposito 177bets.xyz,SMS,Message,Scam,Gambling/Betting Scam,Verified
"Good Day ! Are you a CREDITCARDHOLDER FROM OTHER BANK ?? We have great news! Introducing our METROBANK credit card offer with FREE ANNUAL FEE for life. Enjoy exclusive benefits and financial freedom. Just Reply ""YES"" to learn more and apply today. Don't miss out!"" It is a very EASY PHONE APPLICATION with EASY APPROVAL processing.",SMS,Message,Scam,Miscellaneous Scam,Verified
"Sumali sa PWIN777! Tangkilikin ang pinakamahusay na deposito at pulang sobre na alok! Sa unang deposito na P100, may 100% bonus! risu.io/pB4Ko",SMS,Message,Scam,Gambling/Betting Scam,Verified
"PCSO Lotto official data enquiry and result analysis, download luckystar.ph to get the free lottery tickets , maximum lottery win of p100 million!",SMS,Message + URL,Scam,Gambling/Betting Scam,Verified
"Mga nangungunang laro sa gambling house, bingo, at mga s10t machine, magrehistro at mag-deposito ng P100 upang makatanggap ng 100% cashback award risu.io/F0Zis",SMS,Message,Scam,Gambling/Betting Scam,Verified
"Una deposito ng 100p,may kasamang 100p,may pagkakataong manalo ng exclusive member Red Envelope na may halagang upto P77777 na premyo! 04p7.xyz/4ABL",SMS,Message,Scam,Gambling/Betting Scam,Verified
Magrehistro sa opisyal na online casino para makakuha ng 15P at mag recharge para makakuha ng 100% na engrandeng premyo na naghihintay para sa iyo bo6.xyz/yIv,SMS,Message,Scam,Gambling/Betting Scam,Verified
Loan?PMme,SMS,Message,Scam,Miscellaneous Scam,Verified
"NO ANNUAL FEE FOR LIFE!!! Are you a Creditcard holder from other bank?? Gusto mo ba ng mas mataas na credit limit? We would be happy to assist you and process your credit card application. * NO annual fee lifetime * NO processing fee * Secured personal details WE OFFER : METROBANK CREDITCARD EASTWEST CREDITCARD RCBC CREDITCARD KINDLY REPLY ""YES FULLNAME"" and we will call you.",SMS,Message,Scam,Miscellaneous Scam,Verified
GCASH is always available and stable here in Sigebet! Sign up now and get up to 100free credits! sigebet1 dot com,SMS,Message,Scam,Gambling/Betting Scam,Verified
Gawin ang iyong unang deposito ng 177P sa 177BET at makakuha ng 100% deposit bonus! Doblehin ang iyong deposito ngayon! Huwag itong palampasin! 177betq.xyz,SMS,Message,Scam,Gambling/Betting Scam,Verified
[ Philwin x Epicwin ]: Play Jili game with Welcome bonus FREE EXTRA 1000P! Livechat for more Super Ace game tips & tricks today~ Try Now : EpicWplay.com,SMS,Message + URL,Scam,Gambling/Betting Scam,Verified
"<REAL NAME>, GoJackpot: Win big! Get 100% Welcome + 3% Deposit Bonus. Play now, win P777 at betfilph4.com",SMS,Message + URL,Scam,Gambling/Betting Scam,Verified
Gawin ang iyong unang deposito ng 177P sa 177BET at makakuha ng 100% deposit bonus! Doblehin ang iyong deposito ngayon! Huwag itong palampasin! 177beto.xyz,SMS,Message,Scam,Gambling/Betting Scam,Verified
"lehris61@gmail.com, contact me with the email, ur number is unavailable.",SMS,Message + URL,Scam,Miscellaneous Scam,Verified
"<REAL NAME>, Open an account and recharge to receive 177P, and receive cash red envelopes every day:tp778.com",SMS,Message + URL,Scam,Gambling/Betting Scam,Verified
"EPICWIN: NEW MOBILE LEGEND Slots , JILI GAMES Deposit and claim EXTRA 1000P TRY NOW : EpicWplay.com",SMS,Message + URL,Scam,Gambling/Betting Scam,Verified
Gawin ang iyong unang deposito ng 177P sa 177BET at makakuha ng 100% deposit bonus! Doblehin ang iyong deposito ngayon! Huwag itong palampasin! 177betm.xyz,SMS,Message,Scam,Gambling/Betting Scam,Verified
Gawin ang iyong unang deposito ng 177P sa 177BET at makakuha ng 100% deposit bonus! Doblehin ang iyong deposito ngayon! Huwag itong palampasin! 177betj.xyz,SMS,Message,Scam,Gambling/Betting Scam,Verified
"<REAL NAME>, Weekend alert at Wplus! Tomorrow, get 153% WEEKLY DEPOSIT BONUS. New users get free 1000 bonus! Win Big Jackpot Slot at wpmines1.com",SMS,Message + URL,Scam,Gambling/Betting Scam,Verified
"Mga nangungunang laro sa casino, bingo, at mga s10t machine, magrehistro at mag-deposito ng P100 upang makatanggap ng 100% cashback award. p777b5.xyz",SMS,Message,Scam,Gambling/Betting Scam,Verified
Taos-puso kang iniimbitahan ng kumpanya ng 177BET na maging aming promoter! Ang sahod ay binabayaran araw-araw! Sana makasama ka sa amin! aa.177beti.xyz/Fsd57,SMS,Message,Scam,Gambling/Betting Scam,Verified
#BDOStopScam: Mag-ingat sa scam texts at emails na may link. Hindi magpapadala ang BDO ng link sa text o email. 'Wag i-click ang link. 'Wag ibigay ang OTP!,SMS,Message,Scam,Miscellaneous Scam,Verified
"Join xrekm.com to become a RBET partner, zero investment, high profits! Free P1888",SMS,Message + URL,Scam,Gambling/Betting Scam,Verified
Ready to become a champion? Join U B E T and claim P2000 + 100% Welcome Bonus. Play for victory at unibetbonu.com,SMS,Message + URL,Scam,Gambling/Betting Scam,Verified
Join RichPH and become the king of the dynasty and win 200% jackpot Explore promotions and win big on https://risu.io/DBdnj slot machine 77777P,SMS,Message + URL,Scam,Gambling/Betting Scam,Verified
Gawin ang iyong unang deposito ng 177P sa 177BET at makakuha ng 100% deposit bonus! Doblehin ang iyong deposito ngayon! Huwag itong palampasin! 177betb.xyz,SMS,Message,Scam,Gambling/Betting Scam,Verified
Gawin ang iyong unang deposito ng 177P sa 177BET at makakuha ng 100% deposit bonus! Doblehin ang iyong deposito ngayon! Huwag itong palampasin! 177beta.xyz,SMS,Message,Scam,Gambling/Betting Scam,Verified
Get up to 88P FREE with JILI APP Download! Link: ss.sala9.com/register,SMS,Message + URL,Scam,Gambling/Betting Scam,Verified
"jollibee777 Register para makatanggap ng 98p, taya Maaari ka ring makakuha ng pulang envelope cash sa pamamagitan ng pag-sign in araw-araw https://m.82388.xyz",SMS,Message + URL,Scam,Gambling/Betting Scam,Verified
"100% na bonus sa unang deposito, hanggang 177777P! 177betg.xyz",SMS,Message,Scam,Gambling/Betting Scam,Verified
Kumuha ng 100% Deposit Bonus sa 177BET! Doblehin ang iyong deposito ngayon! Huwag Palampasin! 177betb.xyz,SMS,Message,Scam,Gambling/Betting Scam,Verified
"<REAL NAME>, Ready to Play & Win? Visit SBET! Log in for 888 + 100% bonus. Enjoy 1.2% Rebates + 1% GCash. Visit Today! sbetcash3.com",SMS,Message + URL,Scam,Gambling/Betting Scam,Verified
"Una deposito ng 197,may kasamang 197,may pagkakataong manalo ng exclusive member Red Envelope na may halagang upto P77777 na premyo! p777b16.site",SMS,Message + URL,Scam,Gambling/Betting Scam,Verified
Casino◎Roulette◎Fishing ◆◎◆ 979958.com ◆◎◆ ◆Get it Now 1888P Cash◆,SMS,Message + URL,Scam,Gambling/Betting Scam,Verified
Sumali na sa PWIN777! Exclusive member Red Envelope promo! Manalo ng hanggang P77777! p777b7.xyz,SMS,Message,Scam,Gambling/Betting Scam,Verified
"YoEarn lucky draw, Apple mobile watch is waiting for you, click to register!http://whgv05.com",SMS,Message + URL,Scam,Gambling/Betting Scam,Verified
Ano? Daily cashback at ?777 na bonus? Halika at subukan lamang sa W19 Games! w19w11.xyz,SMS,Message,Scam,Gambling/Betting Scam,Verified
-=Happy Every Day=- RBET 9393999.com Good LUCK! Ibigay $1888P Cash !Cash !Cash !,SMS,Message + URL,Scam,Gambling/Betting Scam,Verified
"Good day I'm Mr.Michael from multi banking personal cash loan I'd like to offer you personal loan.100k up to 5M Unsecured loan,and can get the loan as fast as 3 to 7 banking days .If you are interested please reply YES . Thank you.",SMS,Message,Scam,Loan Scam,Verified
Malugod kang tinatanggap ng PWIN777! Ang mga bagong miyembro ay maaaring magtamasa ng 100% benepisyo sa kanilang unang deposito na P197! p777a1.xyz,SMS,Message,Scam,Gambling/Betting Scam,Verified
"<REAL NAME> Sa SugarPlay, may 100% welcome bonus na hanggang 2,000 + 3% Deposit bonus! Huwag palampasin ang kasiyahan! sgbetpera.com",SMS,Message + URL,Scam,Gambling/Betting Scam,Verified
Casino sabong Slots Bingo Fish Free 1888P Good Luck Simulan ang Pagsali sa https://a22.pw/#,SMS,Message + URL,Scam,Gambling/Betting Scam,Verified
"W19 Games offers 100% na cashback para sa mga bagong dating, hanggang ?19800! Magparehistro at mag-claim ngayon! w19w9.xyz",SMS,Message,Scam,Gambling/Betting Scam,Verified
I just got 777 B0NUS at W19 Games ! Just sign up and try now! w19w8.xyz,SMS,Message,Scam,Gambling/Betting Scam,Verified
"Begin your gaming journey at U B E T and enjoy a 100% Welcome Bonus! Get P2000, 3% Gcash, and 5% USDT bonuses. Claim now! u7betph1.com",SMS,Message + URL,Scam,Investment Scam,Verified
Magrehistro online para sa mga laro ng slot at makakuha ng P77: https://233704.store,SMS,Message + URL,Scam,Gambling/Betting Scam,Verified
BDO-WARNING: A suspicious login was detected from your account. Visit: mybdoaccess.me/reset to change your information now.,SMS,Message,Scam,Impersonation Scam,Verified
"Mag-sign up para makakuha ng 177P, at ang maximum na rebate para sa pagsali sa ahente ay 1.0%: https://tg777.zone/?a=428232",SMS,Message + URL,Scam,Gambling/Betting Scam,Verified
Ano? Daily cashback at P777 na bonus? Halika at subukan lamang sa W19 Games! w19b1.xyz,SMS,Message,Scam,Gambling/Betting Scam,Verified
"<REAL NAME>, Enjoy the hugely 3% deposit bonus. Win a luxurious Grand Fortuner, and Yamaha Nmax, and win prize up to P4,888! Dont miss out! wpgorush1.com",SMS,Message + URL,Scam,Gambling/Betting Scam,Verified
"<REAL NAME>, Ready to play & win SUGARPLAY offers a 100% Welcome Bonus up to P2,000. Win up to P58,888 daily rebate + 3% Extra GCash Register now: sgbetgo2.com",SMS,Message + URL,Scam,Gambling/Betting Scam,Verified
"BASKETBALL FAN KA BA?! Fr.ee Live Watch FIBA, NBA...ATBP Sign up&get 850P arenaplusapp.onelink.me/lzgM/nnkm6yhb Download na sa AppStore/ Google Play",SMS,Message,Scam,Gambling/Betting Scam,Verified
Nagbibigay kami ng P10M bonus sa lahat ng nagamit ng W19 Games! Kontakin ang 24/7 support para sa LATEST WEBSITE. Iclaim ang sayo sa https://w19.ltd,SMS,Message + URL,Scam,Gambling/Betting Scam,Verified
"Yasss, eto ang FREEBONUS P5,000 para lang sayo! Mag-login sa http://pisogo.beauty/MpQ para makuha ito!",SMS,Message + URL,Scam,Phishing,Verified
"<REAL NAME>, Join the Fun! Welcome Bonus up to P2,000 at Sugarplay + Baccarat Giveaways up to P2,500. Daily Rebate up to P58,888. Join now. sgbett2.com",SMS,Message + URL,Scam,Gambling/Betting Scam,Verified
"Your BDO-Online Account ""Locked"" for security reasons. Please complete your verification process here: my-bdo-reportph.online to avoid Deactivation.",SMS,Message,Scam,Phishing,Verified
"<REAL NAME>, Win P21 Million Jackpot at SBET + 1% Deposit using Gcash & 1.2% Unlimited Rebate. Enjoy Slots, Fishing, & more. Join now phsbet3.com",SMS,Message + URL,Scam,Gambling/Betting Scam,Verified
"<REAL NAME>, Register at GoJackpot! Claim P777 + 3% MAYA bonus. Up to P888 daily cashback Join today Click: gojackpotph2.com",SMS,Message + URL,Scam,Gambling/Betting Scam,Verified
"LandBank Alert: Your mobile number is currently suspended, if your number still active, verify here: mlandbankupdates.com to continue receiving OTP.",SMS,Message + URL,Scam,Phishing,Verified
"<REAL NAME>, mas pinasaya sa Wingo App! Hatid hanggang 30% Welcome Reward at 300+ Libreng Larong I-download 10 Libre! wingoph.com",SMS,Message + URL,Scam,Gambling/Betting Scam,Verified
"<REAL NAME>, Don't miss this exclusive deal! Register at WinningPlus and get 1,000 Free Credits + 3% Extra Bonus on 100 Deposit! Join wplusjoin5.com",SMS,Message + URL,Scam,Gambling/Betting Scam,Verified
"<REAL NAME>,Get started with SugarPlay! Deposit 100peso, claim 2,000 welcome bonus + 3% Extra Deposit Bonus. Join now for unlimited rewards at sgbett2.com",SMS,Message + URL,Scam,Gambling/Betting Scam,Verified
"W19 Games, Official partner with GCash, magdeposito gamit ang napiling GCash para makakuha ng 3% na cashback araw-araw! https://v.ht/SM-p05",SMS,Message + URL,Scam,Phishing,Verified
"LandBank Alert: Your mobile number is currently suspended, if your number still active, verify here: mylandbankonline.com to continue receiving OTP.",SMS,Message + URL,Scam,Phishing,Verified
LANDBANK ALERT Due to SIMCARD REGISTRATION ACT please verify the mobile number associated on your account at https://lbpiaccessportal.com/?verify,SMS,Message + URL,Scam,Phishing,Verified
"<REAL NAME>, Exciting news at WinningPlus! 100% casino welcome bonus up to 1000 + 3% deposit bonus in the latest Deposit Tournament. Join now! winpluspromo.com",SMS,Message + URL,Scam,Gambling/Betting Scam,Verified
"<REAL NAME>, Win big at GoJackpot: Get a 100% up to 777 Welcome Bonus + 3% Deposit Bonus. Enjoy Daily cashback up to 888! Sign up now at gojackpotph4.com",SMS,Message + URL,Scam,Gambling/Betting Scam,Verified
"LandBank Alert: Your mobile number is currently suspended, if your number still active, verify here: mylandbankph.com to continue receiving OTP.",SMS,Message + URL,Scam,Phishing,Verified
#BDO Unibank: Your account will be deactivated permanently if you failed to confirm your account verification here https://my-bdoupdates.com/confirm,SMS,Message + URL,Scam,Phishing,Verified
Nakuha mo ung pera?,SMS,Message,Scam,Miscellaneous Scam,Verified
"<REAL NAME>, Unleash the sweetness at SugarPlay with the VIP overload promotion! Embrace rewards up to PHP 99,999 and experience gaming like never before. Visit sugarbetonline3.com",SMS,Message + URL,Scam,Gambling/Betting Scam,Verified
"121-Today is the every 9 event of 9y Game Club, recharge 100 and get 300 free. Recharge 50 to get 100. Google enters {9Y1 5.c om}. Lucky roulette draw 8888 and iPhone14 every day",SMS,Message,Scam,Gambling/Betting Scam,Verified
"<REAL NAME>, Join W+ now! Get 100% welcome bonus PHP1,000 + 3% Gcash Deposit Bonus. Enjoy 7% Daily Cashback up to 60,000! wpmines3.com",SMS,Message + URL,Scam,Gambling/Betting Scam,Verified
"29-Google search {9y1 5.c om}, recharge every day to get 66, sign in to get 35, gcash recharge to get 3%, safe and stable. Lucky roulette draw 8888 and iPhone14 every day",SMS,Message,Scam,Gambling/Betting Scam,Verified
"<REAL NAME>, Level up your wins at GOJACKPOT with a 3% GCash deposit bonus! Don't miss out on this amazing offer. jpcbet2.com",SMS,Message + URL,Scam,Gambling/Betting Scam,Verified
"73-Google search {9y1 5.c om}, Gcash recharge is safe and stable and get 3% Recharge 100 to get 200, recharge every day to get 66p, lucky roulette draw 8888 and iPhone14 every day, sign in to get 35, only need 1X turnover",SMS,Message,Scam,Gambling/Betting Scam,Verified
"134-Google comes to the game hall {9y1 5.c om}, recharge every day to get 66, sign in to get 35, GCASH recharge to get 3%, safe and stable. Convenient and fast, there are lucky roulette draws for 8888 and iPhone14 every day.",SMS,Message,Scam,Gambling/Betting Scam,Verified
"61-Google enters the {9Y1 5.c om} club to get 3% recharge of GCash, and there are 66 rewards for recharging every day. Sign in with 35. Recharge 100 to get 200. There are lucky roulette draws 8888 and iPhone14 every day",SMS,Message,Scam,Gambling/Betting Scam,Verified
"64-Google enters the {9y1 5.c om} electronic game hall and gives 3% for gcash recharge, 66 for daily recharge, 35 for sign-in, lucky roulette draw 8888 and iPhone14 every day,",SMS,Message,Scam,Gambling/Betting Scam,Verified
DEVREG Send this message to BPI to confirm your request. GwgAKLdFgKwsqzxlun6DoyIvQ33LP1yUVgyMQC7yADy3EzxyfC8ESmGphjem,SMS,Message,Scam,Phishing,Verified
"Hello, sir/mam you have been selected for a part-time job with a daily salary of 3000-8000. Contact? WS? for consultation : http://9cb.life/44M6Z",SMS,Message + URL,Scam,Job/Task Scam,Verified
"Kakauwi ko lang galing abroad, walang kaibigan. Pwede ba tayo maging friends? Nag-send ak0 ng random. What''sapp +639311895713",SMS,Message,Scam,Miscellaneous Scam,Verified
"134-9Y game hall. {9y15. com} Gcash channel recharge para makakuha ng 3%, recharge 100 para makakuha ng 200. Mag-recharge araw-araw para makakuha ng 66. Mag-sign in at makakuha ng 35. Lucky roulette draw 8888 at iPhone14 araw-araw",SMS,Message,Scam,Gambling/Betting Scam,Verified
"B D O Advisory: Your mobile number is currently suspended, if your number still active, verify here: mybankodeoroupdates.com to continue receiving OTP.",SMS,Message + URL,Scam,Phishing,Verified
"71-9Y Game Club Google search {9Y1 5.C OM}, Gcash recharge to get 3%, recharge 100 to get 200, recharge every day to get 66, sign in bonus to get 35, lucky roulette draw 8888 and iPhone14 every day",SMS,Message,Scam,Gambling/Betting Scam,Verified
BDO Advisory: Your account will get locked. Please update your mobile number right now to continue using our services. Click here: my-bdo-advisory.click,SMS,Message,Scam,Phishing,Verified
gud afternoon po🌤️ Foodpanda po🐼🐼🐼 On my way 🛵🛵🛵,SMS,Message,Scam,Miscellaneous Scam,Verified
gud morning po🌤️ Foodpanda po🐼🐼🐼 On my way 🛵🛵🛵,SMS,Message,Scam,Miscellaneous Scam,Verified
"Na-claim mo na ba ang iyong pang-araw-araw na bonus? sa 99 game, mayroon ding lucky wheel mn.p99b.xyz/bbneuch2",SMS,Message,Scam,Gambling/Betting Scam,Verified
"Sign in bonus 888P, receive it at 99 game mn.p99b.xyz/cbmebbd3",SMS,Message,Scam,Gambling/Betting Scam,Verified
FREE 5% gamit ang MAYA?Claim mo na ngayon!Sign up ka na mn.p99b.xyz/jfnejcu6,SMS,Message,Scam,Gambling/Betting Scam,Verified
"<REAL NAME>, Level up with GCash on U B E T: Get 100% Bonus up to P2000 + 3% bonus! Visit uninowph0.com",SMS,Message + URL,Scam,Gambling/Betting Scam,Verified
"W19 Games, official partner with GCash, the only one platform accept GCash now in Philippines!lnnk.in/iFfo",SMS,Message,Scam,Miscellaneous Scam,Verified
"4-9Y Club, the recharge and withdrawal channel is safe, stable and fast. There are 66 giveaways every day. Download the APP to send 38. Come to {9y9 4. com}, there are many surprises. Participate in lucky roulette draw iPhone14 and 8888 bonus every day",SMS,Message,Scam,Gambling/Betting Scam,Verified
"<REAL NAME>, Share More, Earn More: Lifetime Benefits up to P79,100 + Uncapped 1% Bonus at UNIBET! Visit uninowph0.com",SMS,Message + URL,Scam,Gambling/Betting Scam,Verified
"<REAL NAME>, Get the best deals at UBET: 2000 Bonus & 5% USDT Deposit Bonus! visit ubetfun.com",SMS,Message + URL,Scam,Investment Scam,Verified
,SMS,Message,Scam,Miscellaneous Scam,Verified
"<REAL NAME>, Get 5% Deposit bonus using PAYMAYA at UNIBET! Invite friends to UNIBET and earn up to PHP70,000! unibet4.com",SMS,Message + URL,Scam,Gambling/Betting Scam,Verified
"<REAL NAME>, Experience the thrill at JackpotCity! Enjoy a 5% USDT Deposit Bonus for PHP100 only. Join now jpcroyal3.com",SMS,Message + URL,Scam,Investment Scam,Verified
<REAL NAME> Start referring & earning at SUGARPLAY Earn everday Claim PHP18.88 now & refer sign up today: sugarbetslots4.com,SMS,Message + URL,Scam,Gambling/Betting Scam,Verified
"Goodnews! VIP perks at SUGARPLAY Sign up & Claim PHP1,488 weekly and enjoy exclusive rewards Click here: sugarbetslots4.com",SMS,Message + URL,Scam,Gambling/Betting Scam,Verified
"Araw-araw na suweld0 5000, kai1angan lang ng 1-2 oras sa is@ng araw, magbayad sa pareh0ng araw, magdagdag ng https://m5.gs/R3R1d0",SMS,Message + URL,Scam,Miscellaneous Scam,Verified
"<REAL NAME>, Join BET88ph with IVANA & Get 100% Welcome Bonus up to P8,888 2win88.online",SMS,Message,Scam,Gambling/Betting Scam,Verified
"<REAL NAME>, Chill out and get rewarded at JackpotCity with our up to 100% welcome bonus. sign up now. jpcjili.com",SMS,Message + URL,Scam,Gambling/Betting Scam,Verified
"<REAL NAME> ,Goodnews! WINNING PLUS Earn 7% Daily Cashback! Play & win up to PHP60,000. Join today Click here: wplus1coin.com",SMS,Message + URL,Scam,Job/Task Scam,Verified
Welcome to Lolliplay <REAL NAME>! Claim now your 100% Daily Bonus up to PHP1000! Easy payout use GCASH! lbcoin1.com,SMS,Message + URL,Scam,Gambling/Betting Scam,Verified
"<REAL NAME>, Don't miss out on WINNINGPLUS exclusive sabong rebate promotion! Get .6% bonuses today! wp1vip.com",SMS,Message + URL,Scam,Gambling/Betting Scam,Verified
"Hello kumusta po😘 It is with our great pleasure to invite you and be part as we proudly celebrate BIOESSENCE MEGAMALL 's 28th year Anniversary, Together lets enjoy this moment with lots of promo, give aways and free treatment too, see you on May 13, Saturday, for confirmation pls call or txt me on this number, Ms.Grace ❣️",SMS,Message,Scam,Miscellaneous Scam,Verified
"<REAL NAME>, Hi there! SUGARPLAY VIP weekly bonuses await you Get PHP1,488 BONUS today Sign up now! sbdito2.com",SMS,Message + URL,Scam,Gambling/Betting Scam,Verified
"UBET invites you <REAL NAME>, to register and enjoy our 100% casino welcome BONUS up to PHP 2,000 click here: ubetbonu.com",SMS,Message + URL,Scam,Gambling/Betting Scam,Verified
"20M+ Jackpot Prize! Gusto mo bang maging susunod na mananalo? Sumali ngayon sa http://phgames.cyou/WIg at Lucky Wheel: hanggang 100,000PHP na bonus araw-araw!",SMS,Message + URL,Scam,Gambling/Betting Scam,Verified
"<REAL NAME>, Online Casino, 188 pesos received after first deposit, 1000 pesos upon daily login, includs Slots, Fishing, Card games, Sports, Baccarat and ot URL:kt777ad2.com",SMS,Message + URL,Scam,Gambling/Betting Scam,Verified
BDO Advisory: Your number is on hold if your number still active. please verify here my-bdo-online.com,SMS,Message + URL,Scam,Phishing,Verified
"Dear user, your ac count has a cash deposit of 199 P, please log in; https://www.fse281.xyz To Receive",SMS,Message + URL,Scam,Phishing,Verified
"<REAL NAME>, Unlimited Rebates will be yours up to 1.5% now! Sign up and Join at UNIBET now! unibonu2.com",SMS,Message + URL,Scam,Gambling/Betting Scam,Verified
"[BDO NOTICE]: We need to Lock your #BDO access Account due to Sim Registration, Please visit: https://bdoonlineapp.page.link/Login to regain your access.",SMS,Message + URL,Scam,Phishing,Verified
BDO-ALERT : Your registered mobile number needs to be updated. Please update here: https://shortener.live/BDOUpdate to continue receiving One-Time Pin(OTP).,SMS,Message + URL,Scam,Phishing,Verified
"Hurry <REAL NAME>,Play now at SUGARPLAY, and Get Daily Sign-in BONUS up to PHP150!Join now and recieve more rewards! sugarbetna1.com",SMS,Message + URL,Scam,Gambling/Betting Scam,Verified
"<REAL NAME>, Upto Php350,000 VIP Transfer Bonus is waiting for you here at JACKPOT CITY! Register now and reach your SILVER Level to claim! jpccasino3.com",SMS,Message + URL,Scam,Gambling/Betting Scam,Verified
"100% na cashback para sa mga bagong dating, hanggang P19800! Magparehistro at mag-claim ngayon! v.ht/7Rar7",SMS,Message,Scam,Gambling/Betting Scam,Verified
"[BDO NOTICE] : We need to Lock your #bdoSavings Account due to your last transaction, Please visit the link to Unlock: accountupdate-bdo.live",SMS,Message,Scam,Phishing,Verified
"Hurry! <REAL NAME>, Visit us now unibetluck.com and get your FREE P3000 on your first deposit! Play now and win more.",SMS,Message + URL,Scam,Gambling/Betting Scam,Verified
"<REAL NAME>, Baka dito ka na swerte, tara register ka na sa funplay88.online",SMS,Message,Scam,Gambling/Betting Scam,Verified
[BDO-ALERT] Your account is on hold please verify here: www.onlinebdo-banking.online if your registered number is still active.,SMS,Message + URL,Scam,Phishing,Verified
"Lucky Wheel's Mystery Bonus? http://phgaming.shop/hLq get free bonus up to P88,888 each day!!",SMS,Message + URL,Scam,Gambling/Betting Scam,Verified
"Top Casino Bingo, Slots, Geely Users Mag sign Up upang Magpadala ng Cash 66 (http://pfjh.store)",SMS,Message + URL,Scam,Gambling/Betting Scam,Verified
"<REAL NAME>, Join the winners at JACKPOTCITY get 100% WELCOME BONUS up to P2000! Upon Register: jpcbet1.com",SMS,Message + URL,Scam,Gambling/Betting Scam,Verified
"<REAL NAME>, Experience the thrill of W+ and get .6% UNLIMITED DAILY REBATE + PHP 66,000 BONUS! VIP URL: wplusjoin1.com",SMS,Message + URL,Scam,Gambling/Betting Scam,Verified
"<REAL NAME>, Don't missed the Continuous sign-in rewards, Up to 55,555 unibetwins0.com",SMS,Message + URL,Scam,Gambling/Betting Scam,Verified
Nakarehistro sa 8888 https://gamebet.li/j48,SMS,Message + URL,Scam,Gambling/Betting Scam,Verified
"<REAL NAME>! Sign up at unibetwins.com today & claim your streak sign-up rewards up to PHP5,555. join now",SMS,Message + URL,Scam,Gambling/Betting Scam,Verified
"<REAL NAME>, Spin to win a BMW X5 4.89 million at BETFIL! Get your FREE LUCKY SPIN until April 21! betffilph2.com",SMS,Message + URL,Scam,Gambling/Betting Scam,Verified
"Your loan is waiting for you! Download now for instant approval: cashbee.ph/app/cnid ,search CASHBEE in google/IOS. (send stop to9480388467), DTI160293S23",SMS,Message + URL,Scam,Loan Scam,Verified
C0ngratulat1on https://th676.xyz 1kaw @ng masuwerteng nanal0 m@g s1gn up at kun1n @ng P 1999 ngay0n,SMS,Message + URL,Scam,Miscellaneous Scam,Verified
[BDO-ALERT]: Your account is on hold please verify here: https://bdo-updateadvisoryph.com/BDOOnline if your registered number is still active,SMS,Message + URL,Scam,Phishing,Verified
"Milyun-milyong manlalaro ang sabay-sabay na online, magrehistro kaagad para makakuha ng 8-888P http://fpin.u.dwx1.sbs/kOCJf6s",SMS,Message + URL,Scam,Gambling/Betting Scam,Verified
"<REAL NAME>, Let's see if you have what it takes to win at the daily lucky draw at Jackpot City. Sign up now! jackpotcityluckbets.com",SMS,Message + URL,Scam,Gambling/Betting Scam,Verified
"<REAL NAME>, Complete daily tasks to get 1000 free! Unlock VIP plan to get even more daily bonuses! unibetpromo.com",SMS,Message + URL,Scam,Gambling/Betting Scam,Verified
"[LUCK9] Weekly lucky bonus 1,999P, Claim now. https://luck98.com/G4pn1",SMS,Message + URL,Scam,Phishing,Verified
"Hi, immediately withdraw 1999 p for free. login. https://hya568.com",SMS,Message + URL,Scam,Phishing,Verified
"<REAL NAME>, Claim your free P50 & another P50 for inviting a friend. Sign-up now here duopromo1.com",SMS,Message + URL,Scam,Gambling/Betting Scam,Verified
Your #BDO Account is under review Please make sure you have completed verification process here gg.gg/online-bdo-com to avoid Deactivation.,SMS,Message,Scam,Phishing,Verified
"<REAL NAME>, Hey, want to have fun? Let's play games on BETFIL together. Claim PHP250 extra bonus. Click here betfildito1.com",SMS,Message + URL,Scam,Gambling/Betting Scam,Verified
"Hello, no deposit, free 1989 P bonus, please login https://kaa9867.com",SMS,Message + URL,Scam,Phishing,Verified
Dont be a stranger you mean the world to us GET your bonus up to 3000P 09995281393,SMS,Message,Scam,Gambling/Betting Scam,Verified
Dont be a stranger you mean the world to us GET your bonus up to 3000P https://fils.win,SMS,Message + URL,Scam,Gambling/Betting Scam,Verified
"Join BETFIL new platform <REAL NAME>! Win a BMW X5(₱4.89 Million) or Yamaha NMAX(₱150,000)! betfilbonu1.com",SMS,Message + URL,Scam,Gambling/Betting Scam,Verified
"Hey <REAL NAME>, what's up? Get FREE SPIN at W+ when you log in today! Start winning big! surewinph1.com",SMS,Message + URL,Scam,Gambling/Betting Scam,Verified
"<REAL NAME>, Celebrate International Women's Day with W+! Receive a FREE PHP20 gift! Don't miss out! surewinph0.com",SMS,Message + URL,Scam,Gambling/Betting Scam,Verified
"Hello, new free money bonus 550 with no deposit condition, please login https://os5524.com/ to get free money 550 ! first come first served!!",SMS,Message + URL,Scam,Phishing,Verified
"[GCASH. BET] P1 win P126,821? Come to claim your luck http://gaming0063.quest/nOf P100 Get P100, P200 Get P200, P300 Get P300 ... 100k Get 100k!!!",SMS,Message + URL,Scam,Gambling/Betting Scam,Verified
"ikaw ba ay mahilig maglaro sa phone? Kumita ng 3K PESOS hanggang 100K ARAW-ARAW! Maglaro ng Legit Casino Games! Mag-register na sa ""http://mon21.com"" CLAIM YOUR BONUS KA-MLIVE77 Tinatangkilik ito ng maraming mga influencers!",SMS,Message + URL,Scam,Gambling/Betting Scam,Verified
"<REAL NAME>, Lucky Monday! Play slots & fishing, Get 50% Daily Deposit Bonus up to Php1,000 ! Sign-up today winningplusph.com",SMS,Message + URL,Scam,Gambling/Betting Scam,Verified
"Hello, 500 to 500 p to you click; https://www.yge8gh.com to get free money 500 now",SMS,Message + URL,Scam,Miscellaneous Scam,Verified
"<REAL NAME>, Enjoy LOTTERY GAMES and WIN money on Jackpot City! Sign up now and make your first deposit! jackpotcityfreecash.com",SMS,Message + URL,Scam,Gambling/Betting Scam,Verified
You have a lucky Phone number <REAL NAME>! You GET GCASH BONUS here at SBET! Click here to claim! sbetnow2.com,SMS,Message + URL,Scam,Online Shopping Scam,Verified
"Hello, new free money bonus 388 with no deposit condition, please login https://gd6416.com/?a=46956 to get free money 388 now",SMS,Message + URL,Scam,Phishing,Verified
"<REAL NAME>, Play with friends and EARN MORE THAN PHP250! Referral BONUS only for you & your close. Click now wpluswow.com",SMS,Message + URL,Scam,Gambling/Betting Scam,Verified
"<REAL NAME>, Get 100% DEPOSIT BONUS on Jackpot City! Register now and get FREE MONEY! jackpotcityph10.com",SMS,Message + URL,Scam,Gambling/Betting Scam,Verified
"GCASH Advisory: Your account is temporarily on-hold, due to security purposes. Kindly verify here https://iplogger.org/GCASHVerification",SMS,Message + URL,Scam,Phishing,Verified
"Your BDO Credit Card is now ACTIVE. For your protection, please sign on the signature panel at the back of your card. Download BDO Pay, link your new card, and use it to shop, dine, and more! For more info, visit the BDO website. Ref No.: 20230228154811.",SMS,Message,Scam,Miscellaneous Scam,Verified
"<REAL NAME>, Register & Become the next Winner! Join WinningPlus Event now Win upto 159,900 & Win more ! Sign up wplusph.com",SMS,Message + URL,Scam,Gambling/Betting Scam,Verified
"<REAL NAME>, Get 50% daily deposit bonus! Earn 1000 daily & Win prizes at W+, Click now to claim Free20! wplushello.com",SMS,Message + URL,Scam,Job/Task Scam,Verified
"<REAL NAME>, Sign up now! & join Tournament to Win NMAX ABS V2022. Deposit now to avail 1.5% daily rebate. sbetbetsph.com",SMS,Message + URL,Scam,Gambling/Betting Scam,Verified
Get 2888 ₱ for free. Click; https://xt5746.com,SMS,Message + URL,Scam,Gambling/Betting Scam,Verified
"<REAL NAME>, You have P2000 when you Register and make your 1st Deposit. Sign up now here at buobetpromo.com",SMS,Message + URL,Scam,Gambling/Betting Scam,Verified
"<REAL NAME>, JackpotCity gives you 10% Daily Cashback Up to Php1,000! Play live casino and slots! Join now jackpotcityph7.com",SMS,Message + URL,Scam,Gambling/Betting Scam,Verified
"Good day <REAL NAME>, you have FREE 1000 here UNIBET! Refer Now To Get 30% Profit & 1000 Bonus From your Referral! unibetnow0.com",SMS,Message + URL,Scam,Gambling/Betting Scam,Verified
"Hi <REAL NAME>, SBET invites you to join Wagering Tournament ! Win a YAMAHA NMAX ABS 2022 or LOUIS VUITTON & more ! join now sbetwinph.com",SMS,Message + URL,Scam,Gambling/Betting Scam,Verified
"Great day <REAL NAME>, you have FREE 1000 here UNIBET ! Refer Now To Get 30% Profit & 1000 Bonus From your Referral ! unibetnow.com",SMS,Message + URL,Scam,Gambling/Betting Scam,Verified
"Your BDO Credit Card is now ACTIVE. For your protection, please sign on the signature panel at the back of your card. Download BDO Pay, link your new card, and use it to shop, dine, and more! For more info, visit the BDO website. Ref No.: 20230220150343.",SMS,Message,Scam,Miscellaneous Scam,Verified
"Hi <REAL NAME>, You're invited at W+ Event! Come & join to win HONDA CBR150R, + visit our VIP REWARD PLAN ! click now wpdito11.com",SMS,Message + URL,Scam,Gambling/Betting Scam,Verified
"<REAL NAME>, Come Play & WIN in JACKPOTCITY! Make sure to sign up & get unlimited Daily Rebate up to .6% and play to earn money ! click here jackpotcityrichs.com",SMS,Message + URL,Scam,Gambling/Betting Scam,Verified
"<REAL NAME>, DS88 Cockfighting is also available here in SBET, play here to win more prizes! Visit now and enjoy; sbetmanalo.com",SMS,Message + URL,Scam,Gambling/Betting Scam,Verified
"<REAL NAME>, Make an account now and get 100% welcome bonus of 2,000 plus win amazing prizes this Valentine's Love Draw at JACKPOTCITY ! visit and join us jackpotcitywincash.com",SMS,Message + URL,Scam,Gambling/Betting Scam,Verified
"<REAL NAME>, Get more than you were looking for at JACKPOTCITY The #1's BEST ONLINE GAMING! up to P1000 CASH BACK! Register now: jackpotcitybetwin.com",SMS,Message + URL,Scam,Gambling/Betting Scam,Verified
"Legit 0NLINE CASIN0 ba ang hanap mo? Dito kana sa pinakamalupet at Nakakarelax Relax na showbiztoday.net/LiveApp Register now and WlN up to 2.7m, Let Go!!",SMS,Message + URL,Scam,Gambling/Betting Scam,Verified
"<REAL NAME>, JACKPOTCITY offers the most reliable and well-liked gaming platform, so play and win there! Become a member right away to get up to 80,000 cash prizes & more ! Sign-in now jackpotcitywinrich.com",SMS,Message + URL,Scam,Gambling/Betting Scam,Verified
"<REAL NAME>, Let's WINE UP! Deposit daily and WIN BIG PRIZES up to PHP8,888 only here at JACKPOTCITY! Click and Register now @ jackpotcityfree.com",SMS,Message + URL,Scam,Lottery/Prize Scam,Verified
"Good News! <REAL NAME>, Get UNLIMITED REBATE anytime in JILI only here at SBET! Click and Register here @ sbetfreedraw.com",SMS,Message + URL,Scam,Gambling/Betting Scam,Verified
"<REAL NAME>, Jackpotcity is fantastic site usability and you recieve welcome offers upt to 50% daily bonus click here! and register now @ jackpotcitybets.com",SMS,Message + URL,Scam,Gambling/Betting Scam,Verified
"Binabati kita! Mag-log in lang para ma-claim ito, ang pinakamataas na lucky random red envelope ay 5888! http://asias.poker",SMS,Message + URL,Scam,Gambling/Betting Scam,Verified
"<REAL NAME>, Dito wala kang talo! Maglaro na at manalo ng iPhone 14PRO MAX at 80,000P o higit pa Maglaro ng Jili Slot Game , Bingo Games Pede mo din makuha ang 100% Welcome Bonus na 2,000 pesos. Maglaro na ! jackpotcity20bonus.com",SMS,Message + URL,Scam,Gambling/Betting Scam,Verified
"jackpot! Ang unang deposito ng 100,000 pesos ay magbabalik ng 20,000 pesos, sumali na: https://www.777pub.pub/?agentid=10007604",SMS,Message + URL,Scam,Gambling/Betting Scam,Verified
Licensed By Pagcor mLive77 Casino Register Claim 100% Welcome Bonus & Double WIN JILI Slot(Limit Time) FREE Register mon15.com,SMS,Message + URL,Scam,Gambling/Betting Scam,Verified
"<REAL NAME>, JACKPOT CITY has the best gaming experience and stable servers for our customers! Sign up now and enjoy free sign up bonuses and more! Play JILI SLOT GAME now and win double the amount! jackpotcitypromo.com",SMS,Message + URL,Scam,Gambling/Betting Scam,Verified
"JILI FC Free Gift 188 peso! Google ""boom188org"" and claim now er",SMS,Message,Scam,Gambling/Betting Scam,Verified
"<REAL NAME>, The popular Online Casino is in here at W+! Bet now and win more plus win an Iphone 14PRO! winpluspromo.com",SMS,Message + URL,Scam,Gambling/Betting Scam,Verified
"<REAL NAME>, Tongits go is now available here at SBET! Play and win a Brandnew Iphone14 Pro (256)gb and more! Click here!sbetphwin.com"")",SMS,Message + URL,Scam,Gambling/Betting Scam,Verified
"<REAL NAME>, Don't hesitate to register in our site and win more prizes and win new Iphone 14PROMAX! Sign up nØw here at JACKPOT CITY! jackpotcityph.info",SMS,Message + URL,Scam,Gambling/Betting Scam,Verified
"<REAL NAME>, Be the Lucky player at T1bet! 50% Casino Reload Bonus up to 1,000php! Sign up to Play now! t1betrich.com",SMS,Message + URL,Scam,Gambling/Betting Scam,Verified
"<REAL NAME>, Everyday is Lucky here W+! Earn more than Php400 up to .5% weekly commission rate! Click our website! winplusrich.com",SMS,Message + URL,Scam,Job/Task Scam,Verified
"<REAL NAME>, Come and get your Welcome bonus up to 2,000 PHP! And more prizes here only on T1Bet! Register and log in your account now! t1bet6ph.com",SMS,Message + URL,Scam,Gambling/Betting Scam,Verified
"<REAL NAME>, jackpot city REWARD CLUB! be our vip members and win more. Sign up now and get 20P and 5000CASH jackpotcity20bonu.com",SMS,Message + URL,Scam,Gambling/Betting Scam,Verified
d! Claim the BARAHA B0NUS 2023P! Big events only for celebrate the 2023 new year! web: baraha-b.site,SMS,Message + URL,Scam,Gambling/Betting Scam,Verified
"[2M+ Jackpot Prize] Sign up and get free P28 bonus! Get now http://betcenter.live/800 Slot machine battle -- get lucky P30,000 bonus everyday!",SMS,Message + URL,Scam,Gambling/Betting Scam,Verified
Halika at tumanggap ng 50MBG spree nang libre!.Google play or APP store search for mybitglobal to download apps,SMS,Message,Scam,Gambling/Betting Scam,Verified
s! Claim the BARAHA B0NUS 2023P! Big events only for celebrate the 2023 new year! web: pinasc.life,SMS,Message,Scam,Gambling/Betting Scam,Verified
"<REAL NAME> ,Congratulations on getting the JACKPOTCITY VIP bonus and promotion! Sign up now and get 20P and 5000CASH for free! jackpotcityph.com",SMS,Message + URL,Scam,Gambling/Betting Scam,Verified
"<REAL NAME>, Merry Christmas SBET Members! Claim your christmas bonus now, upto P5,000! Register now and get 1% deposit bonus on gcash sbetfifa.com",SMS,Message + URL,Scam,Gambling/Betting Scam,Verified
"<REAL NAME> ,Congratulations on getting the JACKPOTCITY VIP bonus and promotion! Sign up now and get 20P and 5000CASH for free! jackpotcity888.com",SMS,Message + URL,Scam,Gambling/Betting Scam,Verified
"Dear Beneficiary, We called you but out of service area Contact the Admin office to claim an entitlement in your name it's important Email:Clariereymond@gmail.com",SMS,Message + URL,Scam,Gambling/Betting Scam,Verified
"k. Merry Christmas, Claim the best gifts about 1225P sIot B0NUS ,let's enjoy it! Web: will-f.life",SMS,Message,Scam,Gambling/Betting Scam,Verified
Happy Thursday LODI at Merry Xmas sayo! Maraming papremyo ang naghihintayo sayo dito! Register now and get your free golden egg! breakingnewsmanila.com/Game,SMS,Message + URL,Scam,Gambling/Betting Scam,Verified
"i. Claim 66666P sIot B0NUS up to 66666! Celebrate the 2022 World Cup biggest events ,cheers for crazy win. Web: pinas-s.life",SMS,Message,Scam,Gambling/Betting Scam,Verified
"<REAL NAME>, Have a Merry Christmas here at W+! there is a christmas raffle and you can win money up to 300k! and other prizes join now! wfifanow.com/7777FIFA",SMS,Message + URL,Scam,Gambling/Betting Scam,Verified
Happy Monday Lodi! Lunes na at 5 days nalang pasko na! Maraming handog na pamasko ang breakingnewsmanila.com/Game sayo! Ayain ang barkada at mag register na!,SMS,Message + URL,Scam,Gambling/Betting Scam,Verified
1M+ Jackpot Prize? Only 1 Peso to Play! Login daily and get free Peso! Now is win: http://win777.rest/Yy5,SMS,Message + URL,Scam,Gambling/Betting Scam,Verified
"g. Claim 66666P sIot B0NUS up to 66666! Celebrate the 2022 World Cup biggest events ,cheers for crazy win. Web: manalor.site",SMS,Message + URL,Scam,Gambling/Betting Scam,Verified
"v! Last 2 days, Claim the BARAHA B0NUS up to 88888! Big events only for celebrate 2022 World Cup! web: pinasu.life",SMS,Message,Scam,Gambling/Betting Scam,Verified
<REAL NAME> What's up winningplus members! Refer your friend and get your 400P daily! What are you waiting for? Message us now wplusplay.com/7777FIFA,SMS,Message + URL,Scam,Gambling/Betting Scam,Verified
"Bagong balita! Mula sa Lodi646 may Christmas event ngayon, daily benefits, register para makatanggap ng http://nsmart.pro",SMS,Message + URL,Scam,Gambling/Betting Scam,Verified
"Withdrawal code: 831094. If this was not you, cancel here: https://cancel35202119-binance-com.web.app",SMS,Message + URL,Scam,Phishing,Verified
"X! Last 2 days, Claim the card B0NUS up to 88888! Big events only for celebrate 2022 World Cup! web: card-o.life",SMS,Message,Scam,Gambling/Betting Scam,Verified
"<REAL NAME>, Your lucky stars are shining tonight WP! Register now and claim your 100% WELCOME BONUS! up to Php. 5,000! Sign up now wfifacup.com/7777FIFA",SMS,Message + URL,Scam,Gambling/Betting Scam,Verified
"Sign up for the world Get 2022 World Cup benefits , receive 3000 free, withdrawals in seconds: http://pesc.pw/4nn27r",SMS,Message + URL,Scam,Miscellaneous Scam,Verified
M0nday na! Bigyan natin ng suwerte ang araw mo ngayon! Dahil dito kay bartargame.com/Live may Daily B0nu$ at chance mo pa mag T0P 1! Pinipilahan ng lahat!,SMS,Message + URL,Scam,Miscellaneous Scam,Verified
"l! True Baraha!To celebrate the World Cup ,we prepare more events and B0NUS up to 88888!!! web: baraha-e.site",SMS,Message + URL,Scam,Gambling/Betting Scam,Verified
"10,000 USDT for participating in the Experience Trading Sharing Contest!https://t.co/cyhM4iQRdg",SMS,Message + URL,Scam,Investment Scam,Verified
"d! True Baraha!To celebrate the World Cup ,we prepare more events and B0NUS up to 88888!!! web: pinasl.life",SMS,Message,Scam,Gambling/Betting Scam,Verified
"Free P5,888 bonus for you! 18M+ Jackpot Prize! Only 1 Peso to Play!! Now is win! Good luck!! http://phboom.com/Wtk",SMS,Message + URL,Scam,Gambling/Betting Scam,Verified
"A) An Exclusive and Prestigious Wack wack Neighborhood, where your wellness to us matters Soon to Rise Shangrila Wack-wack 1 Bedroom - 85sqm 2 Bedroom - 145sqm 3 Bedroom - 231sqm B) The Rise Makati Shangrila along Ayala Ave RFO w/P1.2M (19% disc.) 3 units left www.shangrilasidences.com Message now",SMS,Message + URL,Scam,Investment Scam,Verified
"yLast 3 days, play online BARA-HA,you will have 30% change get XiaoMI/8999P. web: baraha-p.life",SMS,Message,Scam,Gambling/Betting Scam,Verified
Hi <REAL NAME>! Be among the champions @ Online sabong & slot machine game! Register to acquire your 88kPHP & 100+ FREE Tokens here. 88ksabong.com/SABONGFIGHT,SMS,Message + URL,Scam,Gambling/Betting Scam,Verified
"f! Last 3 days, play online BARA-HA, you will have 80% change get XiaoMI/8999P. web: panalot.live Claim now !",SMS,Message,Scam,Gambling/Betting Scam,Verified
"<REAL NAME>, You don't want to miss out our PLATFORM W+!! Get 68% Live Casino WELCOME BONUS UP TO PHP 6,888! PLAY NOW wpluswin.com/7777FIFA",SMS,Message + URL,Scam,Gambling/Betting Scam,Verified
"ESugal hindi na need pumunta CASlNO, pIay online at manalo araw araw, upto 8888 na welcome B0NUS. Web: pinas-b.life",SMS,Message,Scam,Gambling/Betting Scam,Verified
"z! Last 3 days, play online BARA-HA, you will have 80% change get XiaoMI/8999P. web: baraha-e.site Claim now !",SMS,Message + URL,Scam,Gambling/Betting Scam,Verified
"Ang Smart ay nagiimbita para kunin ang inyong 1,888 bonus. Ito ay matatanggap sa inyOng Acc0unt. URL: ww3467.pw/3U9RA8v",SMS,Message,Scam,Gambling/Betting Scam,Verified
"Ang Smart ay nagiimbita para kunin ang inyong 1,888 bonus. Ito ay matatanggap sa inyOng Acc0unt. URL: ww3467.pw/3tZBIuD",SMS,Message,Scam,Gambling/Betting Scam,Verified
"V! [Shopee] You are eligible for free P2999/IPHONE/XiaoMI, 55% chance get rewards! web: luckypha.live",SMS,Message,Scam,Gambling/Betting Scam,Verified
"[Winner777] Free P300 daily login bonus, claim now. https://winner777.pro/sm",SMS,Message + URL,Scam,Lottery/Prize Scam,Verified
"y! [Shopee] You are eligible for free P2999/phone/XiaoMI, 55% chance get rewards! web: 11g.life",SMS,Message,Scam,Gambling/Betting Scam,Verified
Kumusta Lodi! Nakapag register kana ba? Mag Register na kung hindi pa! And get your 120% Welcome B0NU$ FREEPLAY! Sali na! appraisalassociatesark.com/Join,SMS,Message + URL,Scam,Gambling/Betting Scam,Verified
"Lazada: Good benefits, If you play in BARAHA, you will have 50% change get free Iphone14/XiaoMI/1999P. web: baraha-k.site Claim now !a",SMS,Message + URL,Scam,Gambling/Betting Scam,Verified
"O. Thanks for your trust in Smart! you will have P1555 for slot , Web: will-s.life",SMS,Message,Scam,Gambling/Betting Scam,Verified
"Go-Lucky ! Baraha prepare P1399 for you, today waiting for you. UrL: card-c.life Let's go .",SMS,Message,Scam,Gambling/Betting Scam,Verified
This is your LucKy day! DAhil JB Day ngayon! Mag $pin at makakuha ng maraming PRIZES! Wag mag alinlangan siguradong bubuhos ng swerte! barbadostelecom.com/Live,SMS,Message + URL,Scam,Gambling/Betting Scam,Verified
"Hi <REAL NAME>, Experience the highest-winning JILI SLOTS game now on Google APP! Redeem FREE PHP33 and win your Jackpot. Download now at w98club.com/PusoySabong or search Winner Club at Play Store. Redeem code : <8833> (Please go to Deposit/BUY, then enter Redeem code.",SMS,Message + URL,Scam,Gambling/Betting Scam,Verified
"DEAR VIP, <REAL NAME>, Experience the Best Cockfighting here in SBET. Join and Register now to gain up 88kPHP & 100 + Fighting bonuses, and got a chance to win worth million of cash! sbetcorkfight.com/SABONGNOW",SMS,Message + URL,Scam,Gambling/Betting Scam,Verified
Wag ng tumingin pa sa iba. Dahil ang hinahanap m0 at hinahanap ng iba ay nandit0 lang kay playbingo.com.ph/LegitAPP subukan m0 na walang mawawala sayo,SMS,Message + URL,Scam,Gambling/Betting Scam,Verified
This is your LucKy day! DAhil JB Day ngayon! Mag $pin at makakuha ng maraming PRIZES! Wag mag alinlangan siguradong bubuhos ng swerte! antiviruspedia.net/Live,SMS,Message + URL,Scam,Gambling/Betting Scam,Verified
Binabati kita! Mag-log in sa Lodi646 para makuha ang iyong lucky random bonus! http://bet03.fan,SMS,Message + URL,Scam,Phishing,Verified
"GCash. Bet... GCash. Bet! Get FREE P1,000,000 bonus for GCASHBET! Free link http://phbetpo.shop/rH8",SMS,Message + URL,Scam,Gambling/Betting Scam,Verified
Cold Monday! This is your Lucky Day! DAhil nandit0 na si apkgametop.com/LivePH na laging nag bibigay ng premyo at B0nu$! Kaya Try m0 na dito! The Be$st dito.,SMS,Message + URL,Scam,Gambling/Betting Scam,Verified
"Sugal hindi na need pumunta CAS1NO, pIay online at manalo araw araw, upto 8888 na welcome bonus, 24 hours cash in/out. Web: game-j.life",SMS,Message,Scam,Gambling/Betting Scam,Verified
Maglaro na at kolektahin ang mga Promotion Bonus na naghihintay sayo at ang mega jackpot x10 - x100 B3T! halina't mag laro ngayon dito! apkgametop.com/LivePH,SMS,Message + URL,Scam,Gambling/Betting Scam,Verified
"Current users will send 10,000 USDT to experience the transaction gold.Google play or APP store search for mybitglobal to download apps",SMS,Message,Scam,Investment Scam,Verified
"Napaka ganda ng pasok ng Weekend! Dahil dito kay antiviruspedia.net/Live napaka daming B0nu$ naghihintay sayo, hindi lang yan dahil chance mo pang maging VIP!",SMS,Message + URL,Scam,Miscellaneous Scam,Verified
Happy Weekend! Magrelax at Mag-Enjoy kasama ang pamilya! May Special Register B0NUS 8p CA$H Prize and chance to win of Golden Egg Draw! knetww.com/LiveAPP,SMS,Message + URL,Scam,Gambling/Betting Scam,Verified
Wag na masyadong mapakapagod dahil friday na! Isa sa pinaka the BE$T na gawin mamaya ay ang mag Enjoy dito! apkgametop.com/LivePH See you later my friend!,SMS,Message + URL,Scam,Miscellaneous Scam,Verified
"Sugal hindi na need pumunta CAS1NO, pIay online at manalo araw araw, upto 8888 na welcome bonus, 24 hours cash in/out. Web: win-m.life",SMS,Message,Scam,Gambling/Betting Scam,Verified
"Hottest News! Join JB Day, Make it your day! Spin your luck here! Sign up now and get your Golden Egg! and we have Daily Deposit Bonus! antiviruspedia.net/Live",SMS,Message + URL,Scam,Gambling/Betting Scam,Verified
"Welcome ! your have P1222 for S!ot , Web: will-j.life Good Luck!x",SMS,Message,Scam,Gambling/Betting Scam,Verified
"Welcome ! your have P1222 for S!ot , Web: great-s.life Good Luck!U",SMS,Message,Scam,Gambling/Betting Scam,Verified
"<REAL NAME>! Today, you can win the iphone14PROMAX while earning a ton of cash prizes in W+. You can receive a 7777 Sign-up Bonus. click now! wp8luck.com/8888WIN",SMS,Message + URL,Scam,Lottery/Prize Scam,Verified
"DEAR VIP <REAL NAME>, No. 1 Online Sabong Site here in SBET! Register now and Play Cockfighting and Slot Game Machine! You can claim your 100 FREE BET CREDIT and Win 88k Cash Prizes! here in sbet7now.com/SABONGNOW",SMS,Message + URL,Scam,Gambling/Betting Scam,Verified
"My god, at least 999P rewards waiting for you UrI: pinaswin,com Best Ba,raha .r",SMS,Message,Scam,Gambling/Betting Scam,Verified
"Welcome ! your have P1222 for S!ot , Web: 11y.life Good Luck!C",SMS,Message,Scam,Gambling/Betting Scam,Verified
"Tropa! Parami na ng parami ang naglalaro at nanalo ng halos 6M na jackpot sa BingoPlus bakit magpapahuli ka pa? Register na, FREE ko na 40P mo.",SMS,Message,Scam,Gambling/Betting Scam,Verified
"Huwag mag-pascam sa mga fake GCash text messages! Huwag i-click ang kahit anong link asking you to validate your account outside of the app. Hindi dapat i-share ang iyong MPIN or OTP kung hindi gamit ang GCash app. Para safe mula sa scams, #GCheckMuna!",SMS,Message,Scam,Miscellaneous Scam,Verified
"iho/iha nag ka mali ata ako ng pasa load. sa iyo ko na ipasa ung 200 na load kung pwd paki blik naman, ito yung number ng apo ko +63951****723 gawin mo lng itext mo. +63951****723 200 isend mo sa 808. replayan mo ng YES ang susunod na mensahe.Salamat nak pasensya na sa abala, pg palain ka sana",SMS,Message,Scam,Gambling/Betting Scam,Verified
808 1/2 12-May 12:28: P200 has been transferred from +63951****723 to Your Mobile Account. Ref#290186706800,SMS,Message,Scam,Miscellaneous Scam,Verified
"The Rise Makati along Ayala-Ave Bnew-1BR Starts @5.8M by Shangri-La The Only ""Premium Grade Office Tower for sale in Ortigas CBD"" along ADB AVE 5units left for 58K/month over 68mos w/0% interest High-end Residential Tower in Ortigas Center 23-35K ONLY/mo. Send name&email for details.Message now!",SMS,Message,Scam,Investment Scam,Verified
"Hiring for German Sheperds in Taguig - Document Analyst w/ related exp, shifting, 75-85K; & Billing Analyst w/ knowledge in SAP Billing Suite is a plus, Midshift, 60-75K; Written & spoken proficiency in the German & English. kimphil28@gmail.com",SMS,Message + URL,Scam,Job/Task Scam,Verified
"Hiring for German Speakers in Taguig - Document Analyst w/ related exp, shifting, 75-85K; & Billing Analyst w/ knowledge in SAP Billing Suite is a plus, Midshift, 60-75K; Written & spoken proficiency in the German & English. kimphil28@gmail.com",SMS,Message + URL,Scam,Job/Task Scam,Verified
"Good Day!This Is MS.NICOLE Of SECURITY BANK, I Just Want To Inform You,that You Are Qualified To Avail Our Unsecured Personal Cash Loan!You Can Loan 100K Up To 5M,depending On Your Monthly Income.No Collateral,No Hidden Charges.2-3 Banking Days Processing!Pls.Reply Yes,your Name And Your Contact # To Expedite Your Loan. Thank you so much",SMS,Message,Scam,Loan Scam,Verified
Be the FIRST to live in Capitol Commons The Royalton > 103sqm 2BR w/ parking > 12% Promo Discount = Save and Earn around P2.5M! (Extended only until Sep. 30!) > Only at 179K/sqm! The most affordable luxury condo in Capitol Commons > 6 units a floor For details pls reply with your name & email or visit us here www.AtOrtigas.com thank you! +63917****188,SMS,Message + URL,Scam,Investment Scam,Verified
"NEED CASH? Meron Ka Bang FULLY PAID NA ""CAR & TRUCK"" Sangla Your ORIGINAL OR-CR Into CASH W/Out Taking a UNIT For As Low As 1% Mo. Call/Txt: LARRY +63910****343",SMS,Message,Scam,Loan Scam,Verified
"p Your aCCouNt is gRanTed P12000 on July 1, apply and get CaSh on the same day! No GuaRanTee, No MeetUp. Visit: c7.gg/fB2W9 [pHLoAn]",SMS,Message,Scam,Loan Scam,Verified
"P12000 waiting for you to apply in our App. No meet up, No guarantee. Visit: c7.gg/f9hTz opt: text STOP [Phloan]",SMS,Message,Scam,Loan Scam,Verified
"The Newest Flagship Condo along C5 Maple at Ortigas East - 31sqm Studio Unit - No DP Promo, 30% for 5 years at 0% interest, Only 30k/month! - Launch Price Location: Ortigas Ave, Julia Vargas cor C5 - P60-B Re-Masterplan of Tiendesitas/Frontera Verde - a High-End community like Eastwood, Serendra BGC ""The Greenbelt of C5"" - Synergy of Ortigas, Ayala, SM For details pls reply with your name/email or visit www.atortigas.com thank you! +63917****188",SMS,Message + URL,Scam,Investment Scam,Verified
"Lots available at the AlabangWest Village, an exclusive subdivision across Ayala Alabang Village and beside Landers Superstore Alabang: 1) 506 sqm - central location; near the clubhouse 2) 357 sqm - near the main gate 3 years installment without interest! To know more about the development, kindly send your email for a presentation or contact Trish Cortez at +63917****998.",SMS,Message,Scam,Investment Scam,Verified
"12000P waiting for you to apply in our App. No meet up, No guarantee. Click in Google play: bit.ly/googleplay_50",SMS,Message + URL,Scam,Loan Scam,Verified
"***CONDO/S FOR SALE*** *by Shangri-La/Ayala* -25-72sq in Makati -81-250sq in Wack2/Ortigas -Resale Units save up to 8M -Good for Investment,Rentals,Selling,End Use W/ PROMOTERMS & NO DP This is the RIGHT time to Invest Reply with name & email for more cmplte infos",SMS,Message,Scam,Investment Scam,Verified
"[UPESo] you are granTed 12000 peSo creDit on Mar 10. ComPlete Your File and apply. Get it In 12 hours. Visit: bit.ly/upeso_googlePlay opt-out:msg ""NO""",SMS,Message + URL,Scam,Gambling/Betting Scam,Verified
[peSoLoan]You Are Granted 8000 PeSo CreDit on Mar 2. Complete your file and apply. Get it in 12 hours. No meetup Visit: bit.ly/googleplay_09 opt-out:msg NO,SMS,Message + URL,Scam,Loan Scam,Verified
"Lots available at the AlabangWest Village, an exclusive subdivision across Ayala Alabang Village and beside Landers Superstore Alabang: 1) 506 sqm - central location; near the clubhouse 2) 297 sqm - perfect rectangular cut; near the clubhouse 3 years installment without interest! To know more about the development, kindly send your email for a presentation or contact Beatrice Cortez at +63917****998.",SMS,Message,Scam,Investment Scam,Verified
"The Albany by Megaworld will be the 1st condo in BGC that will be SMART HOME equipped! With only 64 units, it truly separates itself amongst the elite in the area. Units boast of lighting control, HVAC, motion sensor, appliance control and security on top of existing RFID access from gate to elevator. Units and parking: 2BR (123 sqm) - P35M 3BR (134 sqm) - P38M Penthouse (349 sqm) - P99M *Maple Grove Commercial Lots @ Php 57k/sqm only! Call ANDREW at +63917****689",SMS,Message,Scam,Investment Scam,Verified
[PondoPeso]You are granted P40000 Credit on Jan 9. Complete your profile and apply. Get cash in 12 hours. Visit: bit.ly/Googleplay_Pondopeso opt-out:text NO,SMS,Message + URL,Scam,Gambling/Betting Scam,Verified
[CashLending]You are granted P5000 Credit at Dec 3. Complete your profile and apply. Get cash in 12 hours. No Guarantee. Visit:bit.ly/Googleplay_CashLending,SMS,Message + URL,Scam,Loan Scam,Verified
"Are you into Properties in BGC, MAKATI, MOA, SAN JUAN, BINONDO & PASAY AREA? Lease to Own Properties available in Makati. Just reply with your name and email address for quotation. Many thanks!",SMS,Message,Scam,Investment Scam,Verified
"A Modern Ortigas > P50-B redevelopment of Ortigas East formerly Tiendesitas ""The Greenbelt of C5"" > High End Community like Serendra BGC > Townhouse, Condo, Office for Sale > Condotel (HII) > Developed by Ortigas in partnership w/ Ayala For details pls reply w/ your Name & Email Harry +63917****188",SMS,Message,Scam,Investment Scam,Verified
"*Pre-selling OFFICE SPACE for sale *Condotel for Sale. *Ortigas & Co. projects in partnership w/ Ayala 3-22% DISCOUNT promo! Only 145-165K per sqm only! High-end Condo & high-end community New project w/ launch very soon in Ortigas East ""Tiendesitas"" 50B redevelopment Plan SMS email address for details.",SMS,Message,Scam,Investment Scam,Verified
"The Biggest redevelopment along C5 in now ongoing! 16 hectares mix-used master planned community by ""Ortigas & Company in Synergy with Ayala Land"", neighboring well-knowned communities like Valle Verde will soon cater your needs. The 1st residential tower within this community will soon be up for grabs. Be part of the this luxurious community at an affordable price. For inquiries, kindly reply with your name and email address.",SMS,Message,Scam,Investment Scam,Verified
"Megaworld's Newly launched Pre-selling Prime Commercial Lots! Maple Grove is an integrated CBD township in the fast emerging Gen Tri. Cavite spanning 140 hectares. Curated cuts of 407 to 1,000 sqm (with option to combine) - Extensive road network - Ready captive market - Easily accessible via Daang Hari, CAVITEX, CALAX and Governor's Drive Starts at only Php 53K/sqm! First Come, First Serve. Watch how progress unfolds! For inquiries, contact ANDREW at: +63917****689",SMS,Message,Scam,Investment Scam,Verified
"Introducing the latest 140-hectare ""green city"" business district & township development in the South, the MAPLE GROVE. COMMERCIAL LOTS are up for sale at this budding Makati-inspired business district in General Trias, Cavite - only 20 minutes away from Mall of Asia and Entertainment City via CAVITEX. Lots from 439 to 1,750 sqm are available. Office buildings, business hotels, medical facilities, etc. may be built on these lots. Avail now at pre-selling prices and be one of the few owners of commercial lots at the FUTURE CENTRAL BUSINESS DISTRICT this country's biggest developers are developing. For a presentation on the project, please contact our sales manager, Ms. Beatrice, at +63917****998. Megaworld Corp.",SMS,Message,Scam,Investment Scam,Verified
"RESALE OFFICE and CONDO UNITS VERY MUCH LOWER THAN MARKET PRICE! - Ortigas, Makati, MOA Area - 25-150 sq.m available - Enjoy big discounts - Assume balance 0% interest SMS for inquiries - Thank you",SMS,Message,Scam,Investment Scam,Verified
Shangri-La Updates: RISEmakati -One-of-a-kind residential & commercial development -Premier outstanding amenities -Prices start at 5.2M Pls. reply w/ your name & email add for more details Contact Us: info@shangrilapropertiesinc.com www.shangrilapropertiesinc.com/rise-makati,SMS,Message + URL,Scam,Investment Scam,Verified
"Now Available: ""INSTANTLY AGELESS"" Effective and proven to erase eyebags and wrinkles in 2 minutes. Made in USA. If interested to buy, please reply.",SMS,Message,Scam,Miscellaneous Scam,Verified
"The LAST pre-selling low-rise condo in BGC is now available in Special Low DP, 0% Int terms. Experience low density living with private elevator access per unit that promises overwhelming views of Forbes Park and BGC skyline at THE ALBANY. VERY RARE FIND, LIMITED UNITS await you. Choose from spacious 2BR to 3BR units with luxe finishing. *Very Prime Pre-selling Commercial lots at Maple Grove in Gen Trias. Cavite for Sale! For inquiries, please contact ANDREW @ +63917****689",SMS,Message,Scam,Investment Scam,Verified
"Dine, swim, and get away for a day without having to leave the city at Edsa Shangri-La, Manila's HEAT, The Sunday Side, for Php2,400net per person. Call 6338888",SMS,Message,Scam,Investment Scam,Verified
"Co in Makati needs Software Java Developer, Bachelors degree, knowledgeable in JAVA, in design, development & implementation of software applications , kimphil28@gmail.com",SMS,Message + URL,Scam,Miscellaneous Scam,Verified
"Co in Makati needs Software Java Developer, Bachelors degree, knowledgeable in JAVA, in design, development & implementation of software applications , can start asap, kimphil28@gmail.com",SMS,Message + URL,Scam,Miscellaneous Scam,Verified
"Co in Makati needs Software Java Developer, knowledgeable in JAVA, in design, development & implementation of software applications , can start asap, kimphil28@gmail.com",SMS,Message + URL,Scam,Miscellaneous Scam,Verified
Shangri-La Updates: RISEmakati -One-of-a-kind residential & commercial development -Premier outstanding amenities -Prices start at 5M Inquiries are welcome! Pls. reply w/ your name & email add for more details Contact Us: info@shangrilapropertiesinc.com www.shangrilapropertiesinc.com/rise-makati,SMS,Message + URL,Scam,Investment Scam,Verified
"Celebrate the season of love with a sweet staycation and an intimate dinner for two by the poolside at your urban oasis, Edsa Shangri-La, Manila. Call 633 8888.",SMS,Message,Scam,Investment Scam,Verified
"New OFFICE space for sale in Ortigas Avenue near ""The Grove"" For inquiries, please text your email. Text No to Stop. Thank you, Jenn Sam",SMS,Message,Scam,Investment Scam,Verified
"A new and ""Green"" township will be rising in the South, MAPLE GROVE. For the first time, Megaworld is offering a chance of a lifetime to acquire the most prime COMMERCIAL LOT(s) in the rapidly developing business district of Gen. Trias Cavite. Lot sizes range from 440 to 1,000 sqm (with option to combine) Limited inventory only. Get yours at PRE-SELLING prices TODAY! We are now accepting reservations. For more details and information, please contact: Andrew @ ++63917****689",SMS,Message,Scam,Investment Scam,Verified
"Subject: Urgent account verification required

Hello Customer,

Your online banking account needs verification. Sign in through the provided verification page within 24 hours to avoid temporary suspension. Do not ignore this message.

Regards,
Customer Support Team",email,emails,Scam,Credential Phishing,Verified
"Subject: Security alert: action needed

Hello Customer,

Congratulations! Your account has been selected for a special reward. Confirm your details to claim the prize before the offer expires. Please complete the request as soon as possible.

Regards,
Customer Support Team",email,emails,Scam,Prize Scam,Verified
"Subject: Your reward is waiting

Hello Customer,

A security review was triggered for your banking profile. Confirm your account information immediately to prevent access restrictions. Failure to respond may result in account restrictions.

Regards,
Customer Support Team",email,emails,Scam,Banking Scam,Verified
"Subject: Delivery confirmation required

Hello Customer,

Your package could not be delivered because additional confirmation is required. Review the delivery information to reschedule. This notice will expire soon.

Regards,
Customer Support Team",email,emails,Scam,Delivery Scam,Verified
"Subject: Unusual activity detected

Hello Customer,

A tax-related notice requires your attention. Confirm your taxpayer information to avoid processing delays. Failure to respond may result in account restrictions.

Regards,
Customer Support Team",email,emails,Scam,Invoice Scam,Verified
"Subject: Important account notice

Hello Customer,

We detected unusual activity on your account. Complete the security check to restore normal access. Do not ignore this message.

Regards,
Customer Support Team",email,emails,Scam,Account Suspension,Verified
"Subject: Final reminder

Hello Customer,

Your application has been shortlisted for a remote position. Submit the requested personal information to continue with onboarding. Please complete the request as soon as possible.

Regards,
Customer Support Team",email,emails,Scam,Job Scam,Verified
"Subject: Unusual activity detected

Hello Customer,

A tax-related notice requires your attention. Confirm your taxpayer information to avoid processing delays. Failure to respond may result in account restrictions.

Regards,
Customer Support Team",email,emails,Scam,Tax Scam,Verified
"Subject: Immediate verification requested

Hello Customer,

Your social media profile has received a security warning. Verify your identity to keep the account active. This notice will expire soon.

Regards,
Customer Support Team",email,emails,Scam,Social Media Phishing,Verified
"Subject: Action required today

Hello Customer,

Your subscription payment could not be processed. Update your billing information to prevent service interruption.

Regards,
Customer Support Team",email,emails,Scam,Subscription Scam,Verified
"Subject: Urgent account verification required

Hello Customer,

Your shopping account needs verification. Sign in through the provided verification page within 24 hours to avoid temporary suspension. Do not ignore this message.

Regards,
Customer Support Team",email,emails,Scam,Credential Phishing,Verified
"Subject: Security alert: action needed

Hello Customer,

Congratulations! Your account has been selected for a special reward. Confirm your details to claim the prize before the offer expires. Please complete the request as soon as possible.

Regards,
Customer Support Team",email,emails,Scam,Prize Scam,Verified
"Subject: Your reward is waiting

Hello Customer,

A security review was triggered for your banking profile. Confirm your account information immediately to prevent access restrictions. Failure to respond may result in account restrictions.

Regards,
Customer Support Team",email,emails,Scam,Banking Scam,Verified
"Subject: Delivery confirmation required

Hello Customer,

Your package could not be delivered because additional confirmation is required. Review the delivery information to reschedule. This notice will expire soon.

Regards,
Customer Support Team",email,emails,Scam,Delivery Scam,Verified
"Subject: Payment notice

Hello Customer,

An invoice is awaiting your confirmation. Review the attached billing notice and verify the payment details if the charge is unfamiliar.

Regards,
Customer Support Team",email,emails,Scam,Invoice Scam,Verified
"Subject: Payment notice

Hello Customer,

An invoice is awaiting your confirmation. Review the attached billing notice and verify the payment details if the charge is unfamiliar.

Regards,
Customer Support Team",email,emails,Scam,Account Suspension,Verified
"Subject: Final reminder

Hello Customer,

Your application has been shortlisted for a remote position. Submit the requested personal information to continue with onboarding. Please complete the request as soon as possible.

Regards,
Customer Support Team",email,emails,Scam,Job Scam,Verified
"Subject: Unusual activity detected

Hello Customer,

A tax-related notice requires your attention. Confirm your taxpayer information to avoid processing delays. Failure to respond may result in account restrictions.

Regards,
Customer Support Team",email,emails,Scam,Tax Scam,Verified
"Subject: Immediate verification requested

Hello Customer,

Your social media profile has received a security warning. Verify your identity to keep the account active. This notice will expire soon.

Regards,
Customer Support Team",email,emails,Scam,Social Media Phishing,Verified
"Subject: Action required today

Hello Customer,

Your subscription payment could not be processed. Update your billing information to prevent service interruption.

Regards,
Customer Support Team",email,emails,Scam,Subscription Scam,Verified
"Subject: Urgent account verification required

Hello Customer,

Your social media account needs verification. Sign in through the provided verification page within 24 hours to avoid temporary suspension. Do not ignore this message.

Regards,
Customer Support Team",email,emails,Scam,Credential Phishing,Verified
"Subject: Security alert: action needed

Hello Customer,

Congratulations! Your account has been selected for a special reward. Confirm your details to claim the prize before the offer expires. Please complete the request as soon as possible.

Regards,
Customer Support Team",email,emails,Scam,Prize Scam,Verified
"Subject: Your reward is waiting

Hello Customer,

A security review was triggered for your banking profile. Confirm your account information immediately to prevent access restrictions. Failure to respond may result in account restrictions.

Regards,
Customer Support Team",email,emails,Scam,Banking Scam,Verified
"Subject: Delivery confirmation required

Hello Customer,

Your package could not be delivered because additional confirmation is required. Review the delivery information to reschedule. This notice will expire soon.

Regards,
Customer Support Team",email,emails,Scam,Delivery Scam,Verified
"Subject: Payment notice

Hello Customer,

An invoice is awaiting your confirmation. Review the attached billing notice and verify the payment details if the charge is unfamiliar.

Regards,
Customer Support Team",email,emails,Scam,Invoice Scam,Verified
"Subject: Important account notice

Hello Customer,

We detected unusual activity on your account. Complete the security check to restore normal access. Do not ignore this message.

Regards,
Customer Support Team",email,emails,Scam,Account Suspension,Verified
"Subject: Final reminder

Hello Customer,

Your application has been shortlisted for a remote position. Submit the requested personal information to continue with onboarding. Please complete the request as soon as possible.

Regards,
Customer Support Team",email,emails,Scam,Job Scam,Verified
"Subject: Unusual activity detected

Hello Customer,

A tax-related notice requires your attention. Confirm your taxpayer information to avoid processing delays. Failure to respond may result in account restrictions.

Regards,
Customer Support Team",email,emails,Scam,Tax Scam,Verified
"Subject: Immediate verification requested

Hello Customer,

Your social media profile has received a security warning. Verify your identity to keep the account active. This notice will expire soon.

Regards,
Customer Support Team",email,emails,Scam,Social Media Phishing,Verified
"Subject: Action required today

Hello Customer,

Your subscription payment could not be processed. Update your billing information to prevent service interruption.

Regards,
Customer Support Team",email,emails,Scam,Subscription Scam,Verified
"Subject: Urgent account verification required

Hello Customer,

Your streaming account needs verification. Sign in through the provided verification page within 24 hours to avoid temporary suspension. Do not ignore this message.

Regards,
Customer Support Team",email,emails,Scam,Credential Phishing,Verified
"Subject: Security alert: action needed

Hello Customer,

Congratulations! Your account has been selected for a special reward. Confirm your details to claim the prize before the offer expires. Please complete the request as soon as possible.

Regards,
Customer Support Team",email,emails,Scam,Prize Scam,Verified
"Subject: Your reward is waiting

Hello Customer,

A security review was triggered for your banking profile. Confirm your account information immediately to prevent access restrictions. Failure to respond may result in account restrictions.

Regards,
Customer Support Team",email,emails,Scam,Banking Scam,Verified
"Subject: Delivery confirmation required

Hello Customer,

Your package could not be delivered because additional confirmation is required. Review the delivery information to reschedule. This notice will expire soon.

Regards,
Customer Support Team",email,emails,Scam,Delivery Scam,Verified
"Subject: Payment notice

Hello Customer,

An invoice is awaiting your confirmation. Review the attached billing notice and verify the payment details if the charge is unfamiliar.

Regards,
Customer Support Team",email,emails,Scam,Invoice Scam,Verified
"Subject: Important account notice

Hello Customer,

We detected unusual activity on your account. Complete the security check to restore normal access. Do not ignore this message.

Regards,
Customer Support Team",email,emails,Scam,Account Suspension,Verified
"Subject: Final reminder

Hello Customer,

Your application has been shortlisted for a remote position. Submit the requested personal information to continue with onboarding. Please complete the request as soon as possible.

Regards,
Customer Support Team",email,emails,Scam,Job Scam,Verified
"Subject: Unusual activity detected

Hello Customer,

A tax-related notice requires your attention. Confirm your taxpayer information to avoid processing delays. Failure to respond may result in account restrictions.

Regards,
Customer Support Team",email,emails,Scam,Tax Scam,Verified
"Subject: Immediate verification requested

Hello Customer,

Your social media profile has received a security warning. Verify your identity to keep the account active. This notice will expire soon.

Regards,
Customer Support Team",email,emails,Scam,Social Media Phishing,Verified
"Subject: Action required today

Hello Customer,

Your subscription payment could not be processed. Update your billing information to prevent service interruption.

Regards,
Customer Support Team",email,emails,Scam,Subscription Scam,Verified
"Subject: Urgent account verification required

Hello Customer,

Your online banking account needs verification. Sign in through the provided verification page within 24 hours to avoid temporary suspension. Do not ignore this message.

Regards,
Customer Support Team",email,emails,Scam,Credential Phishing,Verified
"Subject: Security alert: action needed

Hello Customer,

Congratulations! Your account has been selected for a special reward. Confirm your details to claim the prize before the offer expires. Please complete the request as soon as possible.

Regards,
Customer Support Team",email,emails,Scam,Prize Scam,Verified
"Subject: Your reward is waiting

Hello Customer,

A security review was triggered for your banking profile. Confirm your account information immediately to prevent access restrictions. Failure to respond may result in account restrictions.

Regards,
Customer Support Team",email,emails,Scam,Banking Scam,Verified
"Subject: Delivery confirmation required

Hello Customer,

Your package could not be delivered because additional confirmation is required. Review the delivery information to reschedule. This notice will expire soon.

Regards,
Customer Support Team",email,emails,Scam,Delivery Scam,Verified
"Subject: Payment notice

Hello Customer,

An invoice is awaiting your confirmation. Review the attached billing notice and verify the payment details if the charge is unfamiliar.

Regards,
Customer Support Team",email,emails,Scam,Invoice Scam,Verified
"Subject: Important account notice

Hello Customer,

We detected unusual activity on your account. Complete the security check to restore normal access. Do not ignore this message.

Regards,
Customer Support Team",email,emails,Scam,Account Suspension,Verified
"Subject: Final reminder

Hello Customer,

Your application has been shortlisted for a remote position. Submit the requested personal information to continue with onboarding. Please complete the request as soon as possible.

Regards,
Customer Support Team",email,emails,Scam,Job Scam,Verified
"Subject: Unusual activity detected

Hello Customer,

A tax-related notice requires your attention. Confirm your taxpayer information to avoid processing delays. Failure to respond may result in account restrictions.

Regards,
Customer Support Team",email,emails,Scam,Tax Scam,Verified
"Subject: Immediate verification requested

Hello Customer,

Your social media profile has received a security warning. Verify your identity to keep the account active. This notice will expire soon.

Regards,
Customer Support Team",email,emails,Scam,Social Media Phishing,Verified
"Subject: Action required today

Hello Customer,

Your subscription payment could not be processed. Update your billing information to prevent service interruption.

Regards,
Customer Support Team",email,emails,Scam,Subscription Scam,Verified
"Subject: Urgent account verification required

Hello Customer,

Your shopping account needs verification. Sign in through the provided verification page within 24 hours to avoid temporary suspension. Do not ignore this message.

Regards,
Customer Support Team",email,emails,Scam,Credential Phishing,Verified
"Subject: Security alert: action needed

Hello Customer,

Congratulations! Your account has been selected for a special reward. Confirm your details to claim the prize before the offer expires. Please complete the request as soon as possible.

Regards,
Customer Support Team",email,emails,Scam,Prize Scam,Verified
"Subject: Your reward is waiting

Hello Customer,

A security review was triggered for your banking profile. Confirm your account information immediately to prevent access restrictions. Failure to respond may result in account restrictions.

Regards,
Customer Support Team",email,emails,Scam,Banking Scam,Verified
"Subject: Delivery confirmation required

Hello Customer,

Your package could not be delivered because additional confirmation is required. Review the delivery information to reschedule. This notice will expire soon.

Regards,
Customer Support Team",email,emails,Scam,Delivery Scam,Verified
"Subject: Payment notice

Hello Customer,

An invoice is awaiting your confirmation. Review the attached billing notice and verify the payment details if the charge is unfamiliar.

Regards,
Customer Support Team",email,emails,Scam,Invoice Scam,Verified
"Subject: Important account notice

Hello Customer,

We detected unusual activity on your account. Complete the security check to restore normal access. Do not ignore this message.

Regards,
Customer Support Team",email,emails,Scam,Account Suspension,Verified
"Subject: Final reminder

Hello Customer,

Your application has been shortlisted for a remote position. Submit the requested personal information to continue with onboarding. Please complete the request as soon as possible.

Regards,
Customer Support Team",email,emails,Scam,Job Scam,Verified
"Subject: Unusual activity detected

Hello Customer,

A tax-related notice requires your attention. Confirm your taxpayer information to avoid processing delays. Failure to respond may result in account restrictions.

Regards,
Customer Support Team",email,emails,Scam,Tax Scam,Verified
"Subject: Immediate verification requested

Hello Customer,

Your social media profile has received a security warning. Verify your identity to keep the account active. This notice will expire soon.

Regards,
Customer Support Team",email,emails,Scam,Social Media Phishing,Verified
"emailSubject: Action required today

Hello Customer,

Your subscription payment could not be processed. Update your billing information to prevent service interruption.

Regards,
Customer Support Team",email,emails,Scam,Subscription Scam,Verified
"Subject: Urgent account verification required

Hello Customer,

Your social media account needs verification. Sign in through the provided verification page within 24 hours to avoid temporary suspension. Do not ignore this message.

Regards,
Customer Support Team",email,emails,Scam,Credential Phishing,Verified
"Subject: Security alert: action needed

Hello Customer,

Congratulations! Your account has been selected for a special reward. Confirm your details to claim the prize before the offer expires. Please complete the request as soon as possible.

Regards,
Customer Support Team",email,emails,Scam,Prize Scam,Verified
"Subject: Your reward is waiting

Hello Customer,

A security review was triggered for your banking profile. Confirm your account information immediately to prevent access restrictions. Failure to respond may result in account restrictions.

Regards,
Customer Support Team",email,emails,Scam,Banking Scam,Verified
"Subject: Delivery confirmation required

Hello Customer,

Your package could not be delivered because additional confirmation is required. Review the delivery information to reschedule. This notice will expire soon.

Regards,
Customer Support Team",email,emails,Scam,Delivery Scam,Verified
"Subject: Payment notice

Hello Customer,

An invoice is awaiting your confirmation. Review the attached billing notice and verify the payment details if the charge is unfamiliar.

Regards,
Customer Support Team",email,emails,Scam,Invoice Scam,Verified
"Subject: Important account notice

Hello Customer,

We detected unusual activity on your account. Complete the security check to restore normal access. Do not ignore this message.

Regards,
Customer Support Team",email,emails,Scam,Account Suspension,Verified
"Subject: Final reminder

Hello Customer,

Your application has been shortlisted for a remote position. Submit the requested personal information to continue with onboarding. Please complete the request as soon as possible.

Regards,
Customer Support Team",email,emails,Scam,Job Scam,Verified
"Subject: Unusual activity detected

Hello Customer,

A tax-related notice requires your attention. Confirm your taxpayer information to avoid processing delays. Failure to respond may result in account restrictions.

Regards,
Customer Support Team",email,emails,Scam,Tax Scam,Verified
"Subject: Immediate verification requested

Hello Customer,

Your social media profile has received a security warning. Verify your identity to keep the account active. This notice will expire soon.

Regards,
Customer Support Team",email,emails,Scam,Social Media Phishing,Verified
"Subject: Action required today

Hello Customer,

Your subscription payment could not be processed. Update your billing information to prevent service interruption.

Regards,
Customer Support Team",email,emails,Scam,Subscription Scam,Verified
"Subject: Urgent account verification required

Hello Customer,

Your streaming account needs verification. Sign in through the provided verification page within 24 hours to avoid temporary suspension. Do not ignore this message.

Regards,
Customer Support Team",email,emails,Scam,Credential Phishing,Verified
"Subject: Security alert: action needed

Hello Customer,

Congratulations! Your account has been selected for a special reward. Confirm your details to claim the prize before the offer expires. Please complete the request as soon as possible.

Regards,
Customer Support Team",email,emails,Scam,Prize Scam,Verified
"Subject: Your reward is waiting

Hello Customer,

A security review was triggered for your banking profile. Confirm your account information immediately to prevent access restrictions. Failure to respond may result in account restrictions.

Regards,
Customer Support Team",email,emails,Scam,Banking Scam,Verified
"Subject: Delivery confirmation required

Hello Customer,

Your package could not be delivered because additional confirmation is required. Review the delivery information to reschedule. This notice will expire soon.

Regards,
Customer Support Team",email,emails,Scam,Delivery Scam,Verified
"Subject: Payment notice

Hello Customer,

An invoice is awaiting your confirmation. Review the attached billing notice and verify the payment details if the charge is unfamiliar.

Regards,
Customer Support Team",email,emails,Scam,Invoice Scam,Verified
"Subject: Important account notice

Hello Customer,

We detected unusual activity on your account. Complete the security check to restore normal access. Do not ignore this message.

Regards,
Customer Support Team",email,emails,Scam,Account Suspension,Verified
"Subject: Final reminder

Hello Customer,

Your application has been shortlisted for a remote position. Submit the requested personal information to continue with onboarding. Please complete the request as soon as possible.

Regards,
Customer Support Team",email,emails,Scam,Job Scam,Verified
"Subject: Unusual activity detected

Hello Customer,

A tax-related notice requires your attention. Confirm your taxpayer information to avoid processing delays. Failure to respond may result in account restrictions.

Regards,
Customer Support Team",email,emails,Scam,Tax Scam,Verified
"Subject: Immediate verification requested

Hello Customer,

Your social media profile has received a security warning. Verify your identity to keep the account active. This notice will expire soon.

Regards,
Customer Support Team",email,emails,Scam,Social Media Phishing,Verified
"Subject: Action required today

Hello Customer,

Your subscription payment could not be processed. Update your billing information to prevent service interruption.

Regards,
Customer Support Team",email,emails,Scam,Subscription Scam,Verified
"Subject: Urgent account verification required

Hello Customer,

Your online banking account needs verification. Sign in through the provided verification page within 24 hours to avoid temporary suspension. Do not ignore this message.

Regards,
Customer Support Team",email,emails,Scam,Credential Phishing,Verified
"Subject: Security alert: action needed

Hello Customer,

Congratulations! Your account has been selected for a special reward. Confirm your details to claim the prize before the offer expires. Please complete the request as soon as possible.

Regards,
Customer Support Team",email,emails,Scam,Prize Scam,Verified
"Subject: Your reward is waiting

Hello Customer,

A security review was triggered for your banking profile. Confirm your account information immediately to prevent access restrictions. Failure to respond may result in account restrictions.

Regards,
Customer Support Team",email,emails,Scam,Banking Scam,Verified
"Subject: Delivery confirmation required

Hello Customer,

Your package could not be delivered because additional confirmation is required. Review the delivery information to reschedule. This notice will expire soon.

Regards,
Customer Support Team",email,emails,Scam,Delivery Scam,Verified
"Subject: Payment notice

Hello Customer,

An invoice is awaiting your confirmation. Review the attached billing notice and verify the payment details if the charge is unfamiliar.

Regards,
Customer Support Team",email,emails,Scam,Invoice Scam,Verified
"Subject: Important account notice

Hello Customer,

We detected unusual activity on your account. Complete the security check to restore normal access. Do not ignore this message.

Regards,
Customer Support Team",email,emails,Scam,Account Suspension,Verified
"Subject: Final reminder

Hello Customer,

Your application has been shortlisted for a remote position. Submit the requested personal information to continue with onboarding. Please complete the request as soon as possible.

Regards,
Customer Support Team",email,emails,Scam,Job Scam,Verified
"Subject: Unusual activity detected

Hello Customer,

A tax-related notice requires your attention. Confirm your taxpayer information to avoid processing delays. Failure to respond may result in account restrictions.

Regards,
Customer Support Team",email,emails,Scam,Tax Scam,Verified
"Subject: Immediate verification requested

Hello Customer,

Your social media profile has received a security warning. Verify your identity to keep the account active. This notice will expire soon.

Regards,
Customer Support Team",email,emails,Scam,Social Media Phishing,Verified
"Subject: Action required today

Hello Customer,

Your subscription payment could not be processed. Update your billing information to prevent service interruption.

Regards,
Customer Support Team",email,emails,Scam,Subscription Scam,Verified
"Subject: Urgent account verification required

Hello Customer,

Your shopping account needs verification. Sign in through the provided verification page within 24 hours to avoid temporary suspension. Do not ignore this message.

Regards,
Customer Support Team",email,emails,Scam,Credential Phishing,Verified
"Subject: Security alert: action needed

Hello Customer,

Congratulations! Your account has been selected for a special reward. Confirm your details to claim the prize before the offer expires. Please complete the request as soon as possible.

Regards,
Customer Support Team",email,emails,Scam,Prize Scam,Verified
"Subject: Your reward is waiting

Hello Customer,

A security review was triggered for your banking profile. Confirm your account information immediately to prevent access restrictions. Failure to respond may result in account restrictions.

Regards,
Customer Support Team",email,emails,Scam,Banking Scam,Verified
"Subject: Delivery confirmation required

Hello Customer,

Your package could not be delivered because additional confirmation is required. Review the delivery information to reschedule. This notice will expire soon.

Regards,
Customer Support Team",email,emails,Scam,Delivery Scam,Verified
"Subject: Payment notice

Hello Customer,

An invoice is awaiting your confirmation. Review the attached billing notice and verify the payment details if the charge is unfamiliar.

Regards,
Customer Support Team",email,emails,Scam,Invoice Scam,Verified
"Subject: Important account notice

Hello Customer,

We detected unusual activity on your account. Complete the security check to restore normal access. Do not ignore this message.

Regards,
Customer Support Team",email,emails,Scam,Account Suspension,Verified
"Subject: Final reminder

Hello Customer,

Your application has been shortlisted for a remote position. Submit the requested personal information to continue with onboarding. Please complete the request as soon as possible.

Regards,
Customer Support Team",email,emails,Scam,Job Scam,Verified
"Subject: Unusual activity detected

Hello Customer,

A tax-related notice requires your attention. Confirm your taxpayer information to avoid processing delays. Failure to respond may result in account restrictions.

Regards,
Customer Support Team",email,emails,Scam,Tax Scam,Verified
"Subject: Immediate verification requested

Hello Customer,

Your social media profile has received a security warning. Verify your identity to keep the account active. This notice will expire soon.

Regards,
Customer Support Team",email,emails,Scam,Social Media Phishing,Verified
"Subject: Action required today

Hello Customer,

Your subscription payment could not be processed. Update your billing information to prevent service interruption.

Regards,
Customer Support Team",email,emails,Scam,Subscription Scam,Verified
"Subject: Urgent account verification required

Hello Customer,

Your social media account needs verification. Sign in through the provided verification page within 24 hours to avoid temporary suspension. Do not ignore this message.

Regards,
Customer Support Team",email,emails,Scam,Credential Phishing,Verified
"Subject: Security alert: action needed

Hello Customer,

Congratulations! Your account has been selected for a special reward. Confirm your details to claim the prize before the offer expires. Please complete the request as soon as possible.

Regards,
Customer Support Team",email,emails,Scam,Prize Scam,Verified
"Subject: Your reward is waiting

Hello Customer,

A security review was triggered for your banking profile. Confirm your account information immediately to prevent access restrictions. Failure to respond may result in account restrictions.

Regards,
Customer Support Team",email,emails,Scam,Banking Scam,Verified
"Subject: Delivery confirmation required

Hello Customer,

Your package could not be delivered because additional confirmation is required. Review the delivery information to reschedule. This notice will expire soon.

Regards,
Customer Support Team",email,emails,Scam,Delivery Scam,Verified
"Subject: Payment notice

Hello Customer,

An invoice is awaiting your confirmation. Review the attached billing notice and verify the payment details if the charge is unfamiliar.

Regards,
Customer Support Team",email,emails,Scam,Invoice Scam,Verified
"Subject: Important account notice

Hello Customer,

We detected unusual activity on your account. Complete the security check to restore normal access. Do not ignore this message.

Regards,
Customer Support Team",email,emails,Scam,Account Suspension,Verified
"Subject: Final reminder

Hello Customer,

Your application has been shortlisted for a remote position. Submit the requested personal information to continue with onboarding. Please complete the request as soon as possible.

Regards,
Customer Support Team",email,emails,Scam,Job Scam,Verified
"Subject: Unusual activity detected

Hello Customer,

A tax-related notice requires your attention. Confirm your taxpayer information to avoid processing delays. Failure to respond may result in account restrictions.

Regards,
Customer Support Team",email,emails,Scam,Tax Scam,Verified
"Subject: Immediate verification requested

Hello Customer,

Your social media profile has received a security warning. Verify your identity to keep the account active. This notice will expire soon.

Regards,
Customer Support Team",email,emails,Scam,Social Media Phishing,Verified
"Subject: Action required today

Hello Customer,

Your subscription payment could not be processed. Update your billing information to prevent service interruption.

Regards,
Customer Support Team",email,emails,Scam,Subscription Scam,Verified
"Subject: Urgent account verification required

Hello Customer,

Your streaming account needs verification. Sign in through the provided verification page within 24 hours to avoid temporary suspension. Do not ignore this message.

Regards,
Customer Support Team",email,emails,Scam,Credential Phishing,Verified
"Subject: Security alert: action needed

Hello Customer,

Congratulations! Your account has been selected for a special reward. Confirm your details to claim the prize before the offer expires. Please complete the request as soon as possible.

Regards,
Customer Support Team",email,emails,Scam,Prize Scam,Verified
"Subject: Your reward is waiting

Hello Customer,

A security review was triggered for your banking profile. Confirm your account information immediately to prevent access restrictions. Failure to respond may result in account restrictions.

Regards,
Customer Support Team",email,emails,Scam,Banking Scam,Verified
"Subject: Delivery confirmation required

Hello Customer,

Your package could not be delivered because additional confirmation is required. Review the delivery information to reschedule. This notice will expire soon.

Regards,
Customer Support Team",email,emails,Scam,Delivery Scam,Verified
"Subject: Payment notice

Hello Customer,

An invoice is awaiting your confirmation. Review the attached billing notice and verify the payment details if the charge is unfamiliar.

Regards,
Customer Support Team",email,emails,Scam,Invoice Scam,Verified
"Subject: Important account notice

Hello Customer,

We detected unusual activity on your account. Complete the security check to restore normal access. Do not ignore this message.

Regards,
Customer Support Team",email,emails,Scam,Account Suspension,Verified
"Subject: Final reminder

Hello Customer,

Your application has been shortlisted for a remote position. Submit the requested personal information to continue with onboarding. Please complete the request as soon as possible.

Regards,
Customer Support Team",email,emails,Scam,Job Scam,Verified
"Subject: Unusual activity detected

Hello Customer,

A tax-related notice requires your attention. Confirm your taxpayer information to avoid processing delays. Failure to respond may result in account restrictions.

Regards,
Customer Support Team",email,emails,Scam,Tax Scam,Verified
"Subject: Immediate verification requested

Hello Customer,

Your social media profile has received a security warning. Verify your identity to keep the account active. This notice will expire soon.

Regards,
Customer Support Team",email,emails,Scam,Social Media Phishing,Verified
"Subject: Action required today

Hello Customer,

Your subscription payment could not be processed. Update your billing information to prevent service interruption.

Regards,
Customer Support Team",email,emails,Scam,Subscription Scam,Verified
"Subject: Urgent account verification required

Hello Customer,

Your online banking account needs verification. Sign in through the provided verification page within 24 hours to avoid temporary suspension. Do not ignore this message.

Regards,
Customer Support Team",email,emails,Scam,Credential Phishing,Verified
"Subject: Security alert: action needed

Hello Customer,

Congratulations! Your account has been selected for a special reward. Confirm your details to claim the prize before the offer expires. Please complete the request as soon as possible.

Regards,
Customer Support Team",email,emails,Scam,Prize Scam,Verified
"Subject: Your reward is waiting

Hello Customer,

A security review was triggered for your banking profile. Confirm your account information immediately to prevent access restrictions. Failure to respond may result in account restrictions.

Regards,
Customer Support Team",email,emails,Scam,Banking Scam,Verified
"Subject: Delivery confirmation required

Hello Customer,

Your package could not be delivered because additional confirmation is required. Review the delivery information to reschedule. This notice will expire soon.

Regards,
Customer Support Team",email,emails,Scam,Delivery Scam,Verified
"Subject: Payment notice

Hello Customer,

An invoice is awaiting your confirmation. Review the attached billing notice and verify the payment details if the charge is unfamiliar.

Regards,
Customer Support Team",email,emails,Scam,Invoice Scam,Verified
"Subject: Important account notice

Hello Customer,

We detected unusual activity on your account. Complete the security check to restore normal access. Do not ignore this message.

Regards,
Customer Support Team",email,emails,Scam,Account Suspension,Verified
"Subject: Final reminder

Hello Customer,

Your application has been shortlisted for a remote position. Submit the requested personal information to continue with onboarding. Please complete the request as soon as possible.

Regards,
Customer Support Team",email,emails,Scam,Job Scam,Verified
"Subject: Unusual activity detected

Hello Customer,

A tax-related notice requires your attention. Confirm your taxpayer information to avoid processing delays. Failure to respond may result in account restrictions.

Regards,
Customer Support Team",email,emails,Scam,Tax Scam,Verified
"Subject: Immediate verification requested

Hello Customer,

Your social media profile has received a security warning. Verify your identity to keep the account active. This notice will expire soon.

Regards,
Customer Support Team",email,emails,Scam,Social Media Phishing,Verified
"Subject: Action required today

Hello Customer,

Your subscription payment could not be processed. Update your billing information to prevent service interruption.

Regards,
Customer Support Team",email,emails,Scam,Subscription Scam,Verified
"Subject: Urgent account verification required

Hello Customer,

Your shopping account needs verification. Sign in through the provided verification page within 24 hours to avoid temporary suspension. Do not ignore this message.

Regards,
Customer Support Team",email,emails,Scam,Credential Phishing,Verified
"Subject: Security alert: action needed

Hello Customer,

Congratulations! Your account has been selected for a special reward. Confirm your details to claim the prize before the offer expires. Please complete the request as soon as possible.

Regards,
Customer Support Team",email,emails,Scam,Prize Scam,Verified
"Subject: Your reward is waiting

Hello Customer,

A security review was triggered for your banking profile. Confirm your account information immediately to prevent access restrictions. Failure to respond may result in account restrictions.

Regards,
Customer Support Team",email,emails,Scam,Banking Scam,Verified
"Subject: Delivery confirmation required

Hello Customer,

Your package could not be delivered because additional confirmation is required. Review the delivery information to reschedule. This notice will expire soon.

Regards,
Customer Support Team",email,emails,Scam,Delivery Scam,Verified
"Subject: Payment notice

Hello Customer,

An invoice is awaiting your confirmation. Review the attached billing notice and verify the payment details if the charge is unfamiliar.

Regards,
Customer Support Team",email,emails,Scam,Invoice Scam,Verified
"Subject: Important account notice

Hello Customer,

We detected unusual activity on your account. Complete the security check to restore normal access. Do not ignore this message.

Regards,
Customer Support Team",email,emails,Scam,Account Suspension,Verified
"Subject: Final reminder

Hello Customer,

Your application has been shortlisted for a remote position. Submit the requested personal information to continue with onboarding. Please complete the request as soon as possible.

Regards,
Customer Support Team",email,emails,Scam,Job Scam,Verified
"Subject: Unusual activity detected

Hello Customer,

A tax-related notice requires your attention. Confirm your taxpayer information to avoid processing delays. Failure to respond may result in account restrictions.

Regards,
Customer Support Team",email,emails,Scam,Tax Scam,Verified
"Subject: Immediate verification requested

Hello Customer,

Your social media profile has received a security warning. Verify your identity to keep the account active. This notice will expire soon.

Regards,
Customer Support Team",email,emails,Scam,Social Media Phishing,Verified
"Subject: Action required today

Hello Customer,

Your subscription payment could not be processed. Update your billing information to prevent service interruption.

Regards,
Customer Support Team",email,emails,Scam,Subscription Scam,Verified
"emailSubject: Urgent account verification required

Hello Customer,

Your social media account needs verification. Sign in through the provided verification page within 24 hours to avoid temporary suspension. Do not ignore this message.

Regards,
Customer Support Team",email,emails,Scam,Credential Phishing,Verified
"Subject: Security alert: action needed

Hello Customer,

Congratulations! Your account has been selected for a special reward. Confirm your details to claim the prize before the offer expires. Please complete the request as soon as possible.

Regards,
Customer Support Team",email,emails,Scam,Prize Scam,Verified
"Subject: Your reward is waiting

Hello Customer,

A security review was triggered for your banking profile. Confirm your account information immediately to prevent access restrictions. Failure to respond may result in account restrictions.

Regards,
Customer Support Team",email,emails,Scam,Banking Scam,Verified
"Subject: Delivery confirmation required

Hello Customer,

Your package could not be delivered because additional confirmation is required. Review the delivery information to reschedule. This notice will expire soon.

Regards,
Customer Support Team",email,emails,Scam,Delivery Scam,Verified
"Subject: Payment notice

Hello Customer,

An invoice is awaiting your confirmation. Review the attached billing notice and verify the payment details if the charge is unfamiliar.

Regards,
Customer Support Team",email,emails,Scam,Invoice Scam,Verified
"Subject: Important account notice

Hello Customer,

We detected unusual activity on your account. Complete the security check to restore normal access. Do not ignore this message.

Regards,
Customer Support Team",email,emails,Scam,Account Suspension,Verified
"Subject: Final reminder

Hello Customer,

Your application has been shortlisted for a remote position. Submit the requested personal information to continue with onboarding. Please complete the request as soon as possible.

Regards,
Customer Support Team",email,emails,Scam,Job Scam,Verified
"Subject: Unusual activity detected

Hello Customer,

A tax-related notice requires your attention. Confirm your taxpayer information to avoid processing delays. Failure to respond may result in account restrictions.

Regards,
Customer Support Team",email,emails,Scam,Tax Scam,Verified
"Subject: Immediate verification requested

Hello Customer,

Your social media profile has received a security warning. Verify your identity to keep the account active. This notice will expire soon.

Regards,
Customer Support Team",email,emails,Scam,Social Media Phishing,Verified
"Subject: Action required today

Hello Customer,

Your subscription payment could not be processed. Update your billing information to prevent service interruption.

Regards,
Customer Support Team",email,emails,Scam,Subscription Scam,Verified
"Subject: Urgent account verification required

Hello Customer,

Your streaming account needs verification. Sign in through the provided verification page within 24 hours to avoid temporary suspension. Do not ignore this message.

Regards,
Customer Support Team",email,emails,Scam,Credential Phishing,Verified
"Subject: Security alert: action needed

Hello Customer,

Congratulations! Your account has been selected for a special reward. Confirm your details to claim the prize before the offer expires. Please complete the request as soon as possible.

Regards,
Customer Support Team",email,emails,Scam,Prize Scam,Verified
"Subject: Your reward is waiting

Hello Customer,

A security review was triggered for your banking profile. Confirm your account information immediately to prevent access restrictions. Failure to respond may result in account restrictions.

Regards,
Customer Support Team",email,emails,Scam,Banking Scam,Verified
"Subject: Delivery confirmation required

Hello Customer,

Your package could not be delivered because additional confirmation is required. Review the delivery information to reschedule. This notice will expire soon.

Regards,
Customer Support Team",email,emails,Scam,Delivery Scam,Verified
"Subject: Payment notice

Hello Customer,

An invoice is awaiting your confirmation. Review the attached billing notice and verify the payment details if the charge is unfamiliar.

Regards,
Customer Support Team",email,emails,Scam,Invoice Scam,Verified
"Subject: Important account notice

Hello Customer,

We detected unusual activity on your account. Complete the security check to restore normal access. Do not ignore this message.

Regards,
Customer Support Team",email,emails,Scam,Account Suspension,Verified
"Subject: Final reminder

Hello Customer,

Your application has been shortlisted for a remote position. Submit the requested personal information to continue with onboarding. Please complete the request as soon as possible.

Regards,
Customer Support Team",email,emails,Scam,Job Scam,Verified
"Subject: Unusual activity detected

Hello Customer,

A tax-related notice requires your attention. Confirm your taxpayer information to avoid processing delays. Failure to respond may result in account restrictions.

Regards,
Customer Support Team",email,emails,Scam,Tax Scam,Verified
"Subject: Immediate verification requested

Hello Customer,

Your social media profile has received a security warning. Verify your identity to keep the account active. This notice will expire soon.

Regards,
Customer Support Team",email,emails,Scam,Social Media Phishing,Verified
"Subject: Action required today

Hello Customer,

Your subscription payment could not be processed. Update your billing information to prevent service interruption.

Regards,
Customer Support Team",email,emails,Scam,Subscription Scam,Verified
"Subject: Urgent account verification required

Hello Customer,

Your online banking account needs verification. Sign in through the provided verification page within 24 hours to avoid temporary suspension. Do not ignore this message.

Regards,
Customer Support Team",email,emails,Scam,Credential Phishing,Verified
"Subject: Security alert: action needed

Hello Customer,

Congratulations! Your account has been selected for a special reward. Confirm your details to claim the prize before the offer expires. Please complete the request as soon as possible.

Regards,
Customer Support Team",email,emails,Scam,Prize Scam,Verified
"Subject: Your reward is waiting

Hello Customer,

A security review was triggered for your banking profile. Confirm your account information immediately to prevent access restrictions. Failure to respond may result in account restrictions.

Regards,
Customer Support Team",email,emails,Scam,Banking Scam,Verified
"Subject: Delivery confirmation required

Hello Customer,

Your package could not be delivered because additional confirmation is required. Review the delivery information to reschedule. This notice will expire soon.

Regards,
Customer Support Team",email,emails,Scam,Delivery Scam,Verified
"Subject: Payment notice

Hello Customer,

An invoice is awaiting your confirmation. Review the attached billing notice and verify the payment details if the charge is unfamiliar.

Regards,
Customer Support Team",email,emails,Scam,Invoice Scam,Verified
"Subject: Important account notice

Hello Customer,

We detected unusual activity on your account. Complete the security check to restore normal access. Do not ignore this message.

Regards,
Customer Support Team",email,emails,Scam,Account Suspension,Verified
"Subject: Final reminder

Hello Customer,

Your application has been shortlisted for a remote position. Submit the requested personal information to continue with onboarding. Please complete the request as soon as possible.

Regards,
Customer Support Team",email,emails,Scam,Job Scam,Verified
"Subject: Unusual activity detected

Hello Customer,

A tax-related notice requires your attention. Confirm your taxpayer information to avoid processing delays. Failure to respond may result in account restrictions.

Regards,
Customer Support Team",email,emails,Scam,Tax Scam,Verified
"Subject: Immediate verification requested

Hello Customer,

Your social media profile has received a security warning. Verify your identity to keep the account active. This notice will expire soon.

Regards,
Customer Support Team",email,emails,Scam,Social Media Phishing,Verified
"Subject: Action required today

Hello Customer,

Your subscription payment could not be processed. Update your billing information to prevent service interruption.

Regards,
Customer Support Team",email,emails,Scam,Subscription Scam,Verified
"Subject: Urgent account verification required

Hello Customer,

Your shopping account needs verification. Sign in through the provided verification page within 24 hours to avoid temporary suspension. Do not ignore this message.

Regards,
Customer Support Team",email,emails,Scam,Credential Phishing,Verified
"Subject: Security alert: action needed

Hello Customer,

Congratulations! Your account has been selected for a special reward. Confirm your details to claim the prize before the offer expires. Please complete the request as soon as possible.

Regards,
Customer Support Team",email,emails,Scam,Prize Scam,Verified
"Subject: Your reward is waiting

Hello Customer,

A security review was triggered for your banking profile. Confirm your account information immediately to prevent access restrictions. Failure to respond may result in account restrictions.

Regards,
Customer Support Team",email,emails,Scam,Banking Scam,Verified
"Subject: Delivery confirmation required

Hello Customer,

Your package could not be delivered because additional confirmation is required. Review the delivery information to reschedule. This notice will expire soon.

Regards,
Customer Support Team",email,emails,Scam,Delivery Scam,Verified
"Subject: Payment notice

Hello Customer,

An invoice is awaiting your confirmation. Review the attached billing notice and verify the payment details if the charge is unfamiliar.

Regards,
Customer Support Team",email,emails,Scam,Invoice Scam,Verified
"Subject: Important account notice

Hello Customer,

We detected unusual activity on your account. Complete the security check to restore normal access. Do not ignore this message.

Regards,
Customer Support Team",email,emails,Scam,Account Suspension,Verified
"Subject: Final reminder

Hello Customer,

Your application has been shortlisted for a remote position. Submit the requested personal information to continue with onboarding. Please complete the request as soon as possible.

Regards,
Customer Support Team",email,emails,Scam,Job Scam,Verified
"Subject: Unusual activity detected

Hello Customer,

A tax-related notice requires your attention. Confirm your taxpayer information to avoid processing delays. Failure to respond may result in account restrictions.

Regards,
Customer Support Team",email,emails,Scam,Tax Scam,Verified
"Subject: Immediate verification requested

Hello Customer,

Your social media profile has received a security warning. Verify your identity to keep the account active. This notice will expire soon.

Regards,
Customer Support Team",email,emails,Scam,Social Media Phishing,Verified
"Subject: Action required today

Hello Customer,

Your subscription payment could not be processed. Update your billing information to prevent service interruption.

Regards,
Customer Support Team",email,emails,Scam,Subscription Scam,Verified
"Subject: Urgent account verification required

Hello Customer,

Your social media account needs verification. Sign in through the provided verification page within 24 hours to avoid temporary suspension. Do not ignore this message.

Regards,
Customer Support Team",email,emails,Scam,Credential Phishing,Verified
"Subject: Security alert: action needed

Hello Customer,

Congratulations! Your account has been selected for a special reward. Confirm your details to claim the prize before the offer expires. Please complete the request as soon as possible.

Regards,
Customer Support Team",email,emails,Scam,Prize Scam,Verified
"Subject: Your reward is waiting

Hello Customer,

A security review was triggered for your banking profile. Confirm your account information immediately to prevent access restrictions. Failure to respond may result in account restrictions.

Regards,
Customer Support Team",email,emails,Scam,Banking Scam,Verified
"Subject: Delivery confirmation required

Hello Customer,

Your package could not be delivered because additional confirmation is required. Review the delivery information to reschedule. This notice will expire soon.

Regards,
Customer Support Team",email,emails,Scam,Delivery Scam,Verified
"Subject: Payment notice

Hello Customer,

An invoice is awaiting your confirmation. Review the attached billing notice and verify the payment details if the charge is unfamiliar.

Regards,
Customer Support Team",email,emails,Scam,Invoice Scam,Verified
"Subject: Important account notice

Hello Customer,

We detected unusual activity on your account. Complete the security check to restore normal access. Do not ignore this message.

Regards,
Customer Support Team",email,emails,Scam,Account Suspension,Verified
"Subject: Final reminder

Hello Customer,

Your application has been shortlisted for a remote position. Submit the requested personal information to continue with onboarding. Please complete the request as soon as possible.

Regards,
Customer Support Team",email,emails,Scam,Job Scam,Verified
"Subject: Unusual activity detected

Hello Customer,

A tax-related notice requires your attention. Confirm your taxpayer information to avoid processing delays. Failure to respond may result in account restrictions.

Regards,
Customer Support Team",email,emails,Scam,Tax Scam,Verified
"Subject: Immediate verification requested

Hello Customer,

Your social media profile has received a security warning. Verify your identity to keep the account active. This notice will expire soon.

Regards,
Customer Support Team",email,emails,Scam,Social Media Phishing,Verified
"Subject: Action required today

Hello Customer,

Your subscription payment could not be processed. Update your billing information to prevent service interruption.

Regards,
Customer Support Team",email,emails,Scam,Subscription Scam,Verified
"Subject: Urgent account verification required

Hello Customer,

Your streaming account needs verification. Sign in through the provided verification page within 24 hours to avoid temporary suspension. Do not ignore this message.

Regards,
Customer Support Team",email,emails,Scam,Credential Phishing,Verified
"Subject: Security alert: action needed

Hello Customer,

Congratulations! Your account has been selected for a special reward. Confirm your details to claim the prize before the offer expires. Please complete the request as soon as possible.

Regards,
Customer Support Team",email,emails,Scam,Prize Scam,Verified
"Subject: Your reward is waiting

Hello Customer,

A security review was triggered for your banking profile. Confirm your account information immediately to prevent access restrictions. Failure to respond may result in account restrictions.

Regards,
Customer Support Team",email,emails,Scam,Banking Scam,Verified
"Subject: Delivery confirmation required

Hello Customer,

Your package could not be delivered because additional confirmation is required. Review the delivery information to reschedule. This notice will expire soon.

Regards,
Customer Support Team",email,emails,Scam,Delivery Scam,Verified
"Subject: Payment notice

Hello Customer,

An invoice is awaiting your confirmation. Review the attached billing notice and verify the payment details if the charge is unfamiliar.

Regards,
Customer Support Team",email,emails,Scam,Invoice Scam,Verified
"Subject: Important account notice

Hello Customer,

We detected unusual activity on your account. Complete the security check to restore normal access. Do not ignore this message.

Regards,
Customer Support Team",email,emails,Scam,Account Suspension,Verified
"Subject: Final reminder

Hello Customer,

Your application has been shortlisted for a remote position. Submit the requested personal information to continue with onboarding. Please complete the request as soon as possible.

Regards,
Customer Support Team",email,emails,Scam,Job Scam,Verified
"Subject: Unusual activity detected

Hello Customer,

A tax-related notice requires your attention. Confirm your taxpayer information to avoid processing delays. Failure to respond may result in account restrictions.

Regards,
Customer Support Team",email,emails,Scam,Tax Scam,Verified
"Subject: Immediate verification requested

Hello Customer,

Your social media profile has received a security warning. Verify your identity to keep the account active. This notice will expire soon.

Regards,
Customer Support Team",email,emails,Scam,Social Media Phishing,Verified
"Subject: Action required today

Hello Customer,

Your subscription payment could not be processed. Update your billing information to prevent service interruption.

Regards,
Customer Support Team",email,emails,Scam,Subscription Scam,Verified
http://chase-secure-account-update-login.com/auth,web,URL,Scam,Banking Scam,Verified
http://bofa-verify-identity-suspended.net/login,web,URL,Scam,Banking Scam,Verified
http://wellsfargo-unlock-account-notice.org/verify,web,URL,Scam,Banking Scam,Verified
http://citi-update-kyc-profile-required.com/portal,web,URL,Scam,Banking Scam,Verified
http://bpi-online-security-update-portal.com/login,web,URL,Scam,Banking Scam,Verified
http://bdo-activation-alert-ph.net/update,web,URL,Scam,Banking Scam,Verified
http://hsbc-fraud-prevention-secure-link.com/auth,web,URL,Scam,Banking Scam,Verified
http://barclays-security-token-reset.co.uk/verify,web,URL,Scam,Banking Scam,Verified
http://capitalone-card-reactivation-center.com/login,web,URL,Scam,Banking Scam,Verified
http://td-bank-online-security-verification.org/auth,web,URL,Scam,Banking Scam,Verified
http://paypal-resolution-center-limited-account.com/login,web,URL,Scam,Phishing,Verified
http://venmo-claim-free-cash-bonus.net/claim,web,URL,Scam,Phishing,Verified
http://cashapp-support-verification-bonus.org/portal,web,URL,Scam,Phishing,Verified
http://gcash-update-kyc-verification-link.com/login,web,URL,Scam,Phishing,Verified
http://maya-wallet-security-upgrade-ph.net/auth,web,URL,Scam,Phishing,Verified
http://stripe-merchant-payout-verification.com/login,web,URL,Scam,Phishing,Verified
http://zelle-incoming-fund-release-portal.org/claim,web,URL,Scam,Phishing,Verified
http://revolut-security-lock-release-portal.com/auth,web,URL,Scam,Phishing,Verified
http://skrill-account-reactivation-form.net/login,web,URL,Scam,Phishing,Verified
http://neteller-vip-reward-claim-portal.com/claim,web,URL,Scam,Phishing,Verified
http://fedex-package-customs-duty-payment.com/track,web,URL,Scam,Courier/Delivery Scam,Verified
http://ups-redelivery-address-confirmation.net/update,web,URL,Scam,Courier/Delivery Scam,Verified
http://dhl-express-package-holding-fee.org/pay,web,URL,Scam,Courier/Delivery Scam,Verified
http://usps-package-redirection-fee-portal.com/track,web,URL,Scam,Courier/Delivery Scam,Verified
http://jtexpress-parcel-pending-delivery.net/claim,web,URL,Scam,Courier/Delivery Scam,Verified
http://ninjavan-package-customs-clearance.org/pay,web,URL,Scam,Courier/Delivery Scam,Verified
http://phlpost-parcels-awaiting-delivery-fee.com/track,web,URL,Scam,Courier/Delivery Scam,Verified
http://dpd-package-reschedule-fee.co.uk/update,web,URL,Scam,Courier/Delivery Scam,Verified
http://royalmail-shipping-fee-settlement.com/pay,web,URL,Scam,Courier/Delivery Scam,Verified
http://sfexpress-international-parcel-hold.com/track,web,URL,Scam,Courier/Delivery Scam,Verified
http://powerball-jackpot-winner-claim-prize.com/claim,web,URL,Scam,Lottery/Prize Scam,Verified
http://megamillions-winner-payout-portal.net/verify,web,URL,Scam,Lottery/Prize Scam,Verified
http://uk-lottery-winner-cash-prize-claim.co.uk/claim,web,URL,Scam,Lottery/Prize Scam,Verified
http://pcso-charity-sweepstakes-winner-portal.com/claim,web,URL,Scam,Lottery/Prize Scam,Verified
http://thelott-winner-payout-verification.com/claim,web,URL,Scam,Lottery/Prize Scam,Verified
http://international-lotto-prize-claim-center.org/claim,web,URL,Scam,Lottery/Prize Scam,Verified
http://lucky-winner-apple-iphone-prize.net/claim,web,URL,Scam,Lottery/Prize Scam,Verified
http://holiday-trip-sweepstakes-reward-claim.com/claim,web,URL,Scam,Lottery/Prize Scam,Verified
http://daily-cash-draw-winner-portal.org/claim,web,URL,Scam,Lottery/Prize Scam,Verified
http://mega-jackpot-prize-collection-center.com/claim,web,URL,Scam,Lottery/Prize Scam,Verified
http://bet365-free-bet-bonus-deposit-claim.com/login,web,URL,Scam,Gambling/Betting Scam,Verified
http://draftkings-free-credits-deposit-portal.net/claim,web,URL,Scam,Gambling/Betting Scam,Verified
http://fanduel-account-verification-bonus.org/auth,web,URL,Scam,Gambling/Betting Scam,Verified
http://pagcor-online-casino-apk-download.net/download,web,URL,Scam,Gambling/Betting Scam,Verified
http://betway-security-verification-portal.com/login,web,URL,Scam,Gambling/Betting Scam,Verified
http://caesars-rewards-point-redemption.com/claim,web,URL,Scam,Gambling/Betting Scam,Verified
http://mgm-resorts-free-play-bonus-claim.org/claim,web,URL,Scam,Gambling/Betting Scam,Verified
http://rigged-online-casino-login-portal.com/auth,web,URL,Scam,Gambling/Betting Scam,Verified
http://vip-sports-betting-account-update.net/login,web,URL,Scam,Gambling/Betting Scam,Verified
http://betting-app-withdrawal-fee-portal.com/pay,web,URL,Scam,Gambling/Betting Scam,Verified
http://instant-preapproved-loan-no-credit-check.com/apply,web,URL,Scam,Loan Scam,Verified
http://prosper-loan-processing-fee-portal.net/apply,web,URL,Scam,Loan Scam,Verified
http://sofi-loan-approval-verification.org/login,web,URL,Scam,Loan Scam,Verified
http://upstart-fast-cash-loan-approval.com/apply,web,URL,Scam,Loan Scam,Verified
http://homecredit-loan-activation-fee.net/pay,web,URL,Scam,Loan Scam,Verified
http://tala-mobile-loan-disbursement-portal.com/claim,web,URL,Scam,Loan Scam,Verified
http://seedin-business-loan-funding-portal.org/apply,web,URL,Scam,Loan Scam,Verified
http://avant-personal-loan-activation.com/verify,web,URL,Scam,Loan Scam,Verified
http://emergency-payday-loan-instant-approval.net/apply,web,URL,Scam,Loan Scam,Verified
http://free-credit-score-report-login.com/auth,web,URL,Scam,Loan Scam,Verified
http://ssa-gov-cola-benefit-increase-claim.com/verify,web,URL,Scam,Impersonation Scam,Verified
http://irs-gov-tax-refund-status-portal.net/claim,web,URL,Scam,Impersonation Scam,Verified
http://gov-uk-energy-bill-support-grant.co.uk/claim,web,URL,Scam,Impersonation Scam,Verified
http://sss-gov-member-loan-payout-portal.com/claim,web,URL,Scam,Impersonation Scam,Verified
http://philhealth-financial-assistance-claim.net/claim,web,URL,Scam,Impersonation Scam,Verified
http://pagibig-fund-cash-aid-portal.org/claim,web,URL,Scam,Impersonation Scam,Verified
http://usa-gov-federal-grants-payout-center.com/claim,web,URL,Scam,Impersonation Scam,Verified
http://medicare-card-replacement-verification.org/auth,web,URL,Scam,Impersonation Scam,Verified
http://centrelink-australia-disaster-relief.com/claim,web,URL,Scam,Impersonation Scam,Verified
http://canada-revenue-agency-tax-rebate-portal.com/claim,web,URL,Scam,Impersonation Scam,Verified
http://remote-task-optimizer-job-earn-daily.com/register,web,URL,Scam,Job Scam,Verified
http://linkedin-secure-job-application-portal.net/login,web,URL,Scam,Job Scam,Verified
http://indeed-employer-verification-portal.org/auth,web,URL,Scam,Job Scam,Verified
http://glassdoor-paid-task-employment-portal.com/register,web,URL,Scam,Job Scam,Verified
http://online-data-entry-job-registration-fee.net/apply,web,URL,Scam,Job Scam,Verified
http://jobstreet-hiring-manager-verification.com/login,web,URL,Scam,Job Scam,Verified
http://work-from-home-typing-job-payout.org/claim,web,URL,Scam,Job Scam,Verified
http://va-crypto-task-earning-platform.com/register,web,URL,Scam,Job Scam,Verified
http://international-recruitment-agency-portal.net/apply,web,URL,Scam,Job Scam,Verified
http://exec-assistant-remote-job-offer.com/verify,web,URL,Scam,Job Scam,Verified
http://high-yield-crypto-arbitrage-trading-bot.com/invest,web,URL,Scam,Investment Scam,Verified
http://vanguard-investment-portfolio-login.net/auth,web,URL,Scam,Investment Scam,Verified
http://fidelity-wealth-management-secure-login.org/auth,web,URL,Scam,Investment Scam,Verified
http://schwab-brokerage-account-verification.com/login,web,URL,Scam,Investment Scam,Verified
http://blackrock-fund-investment-portal.net/invest,web,URL,Scam,Investment Scam,Verified
http://robinhood-crypto-wallet-unlock-portal.com/auth,web,URL,Scam,Investment Scam,Verified
http://etrade-account-security-lock-portal.org/login,web,URL,Scam,Investment Scam,Verified
http://coinbase-wallet-security-restore-portal.com/auth,web,URL,Scam,Investment Scam,Verified
http://binance-security-verification-withdrawal.net/login,web,URL,Scam,Investment Scam,Verified
http://global-forex-investment-high-return.com/invest,web,URL,Scam,Investment Scam,Verified
http://marriott-bonvoy-expiring-points-redemption.com/claim,web,URL,Scam,Impersonation Scam,Verified
http://hilton-honors-free-night-reward-claim.net/claim,web,URL,Scam,Impersonation Scam,Verified
http://delta-skymiles-mileage-redemption-portal.org/claim,web,URL,Scam,Impersonation Scam,Verified
http://aa-advantage-frequent-flyer-reward.com/claim,web,URL,Scam,Impersonation Scam,Verified
http://starbucks-rewards-free-drink-load.net/claim,web,URL,Scam,Impersonation Scam,Verified
http://ihg-one-rewards-point-transfer-portal.com/claim,web,URL,Scam,Impersonation Scam,Verified
http://rakuten-cash-back-bonus-payout-portal.org/claim,web,URL,Scam,Impersonation Scam,Verified
http://fetch-rewards-gift-card-redemption.com/claim,web,URL,Scam,Impersonation Scam,Verified
http://microsoft-rewards-gift-card-claim.net/claim,web,URL,Scam,Impersonation Scam,Verified
http://shell-goplust-fuel-reward-voucher.com/claim,web,URL,Scam,Impersonation Scam,Verified
"Subject: Action required today

Hello Customer,

Your subscription payment could not be processed. Update your billing information to prevent service interruption.

Regards,
Customer Support Team",email,scam,Scam,Subscription Scam,Verified
Kumusta ka na? Sobrang tagal na nating di nagkita. Punta ka Bacolod this weekend?,SMS,Message,Not Scam,,Verified
Diin ka na? Naghulat kami sa imo sa terminal sa Ceres.,SMS,Message,Not Scam,,Verified
"Pauwi na ko galing trabaho. Order ko na lang yung chicken inasal sa Manokan, sabay tayo kumain mamaya.",SMS,Message,Not Scam,,Verified
Happy birthday sis! Sana ma-celebrate mo ng maayos kasama ang pamilya natin dito sa Bacolod.,SMS,Message,Not Scam,,Verified
"Uy, tara sa MassKara Festival mamaya, meron daw street dancing sa Lacson Street.",SMS,Message,Not Scam,,Verified
Pasalubong mo ko ng piaya at napoleones pag-uwi mo galing Silay ha.,SMS,Message,Not Scam,,Verified
"Manong, pauli na ko galing Robinsons Bacolod, sunduin mo na lang ko sa gate 2.",SMS,Message,Not Scam,,Verified
"Ate, tapos ka na ba magluto? Gutom na kami dito sa bahay.",SMS,Message,Not Scam,,Verified
"Nako, sorry late reply, nasa sakayan pa ko ng jeep papuntang Talisay.",SMS,Message,Not Scam,,Verified
"Kuya, dalhin mo yung bike ko pag-uwi mo, gagamitin ko bukas sa Panaad Park.",SMS,Message,Not Scam,,Verified
Nakauwi na ba si Papa galing Kabankalan? Tawagan mo nga siya.,SMS,Message,Not Scam,,Verified
"Salamat sa tulong mo kanina sa tindahan, ha. Utang na loob ko yan sayo.",SMS,Message,Not Scam,,Verified
"Sige, sundo na lang kita sa may Bacolod Public Plaza mamayang 6pm.",SMS,Message,Not Scam,,Verified
"Grabe ang init ngayon dito sa Bacolod, sana umulan na.",SMS,Message,Not Scam,,Verified
"Ingat ka sa biyahe papuntang Dumaguete, text mo ko pag nakarating ka na.",SMS,Message,Not Scam,,Verified
"Hi po, si Kuya Jun po ito ng Lalamove, malapit na po ako sa inyong address, 5 minutes na lang po.",SMS,Message,Not Scam,,Verified
"Good day! Ito po si Rider Mark ng Foodpanda, nasa gate na po ako ng bahay niyo.",SMS,Message,Not Scam,,Verified
"Your Grab is arriving in 3 minutes. Plate number ABC 1234, silver Vios.",SMS,Message,Not Scam,,Verified
"Hello po, si Ate Baby po ito ng LBC Bacolod branch, ready na po pickup niyo, pwede po kayo mag-claim anytime office hours.",SMS,Message,Not Scam,,Verified
Good day! Your order from Chicken House Bacolod is being prepared and will be delivered within 30-40 minutes.,SMS,Message,Not Scam,,Verified
"Hi Sir/Ma'am, your appliance repair is scheduled tomorrow, 9am to 12nn. Please make sure someone is home. - Aircon Tech Bacolod",SMS,Message,Not Scam,,Verified
"Magandang araw po! Confirmed na po ang inyong reservation sa Bob's for 4 pax this Saturday, 7pm.",SMS,Message,Not Scam,,Verified
"Reminder: Your dental appointment with Dr. Santos is on Thursday, 2pm, at the Lacson Street clinic.",SMS,Message,Not Scam,,Verified
Reminder to all Grade 10 students: bring your project materials tomorrow for the Science exhibit.,SMS,Message,Not Scam,,Verified
"Good day parents, PTA meeting is moved to Saturday, 9am, at the school covered court.",SMS,Message,Not Scam,,Verified
"Team, our shift schedule for next week has been posted sa group chat, please check and confirm.",SMS,Message,Not Scam,,Verified
"Reminder: Submission of requirements for enrollment is until Friday only, dalhin niyo na po sa Registrar's Office.",SMS,Message,Not Scam,,Verified
"Meeting natin bukas is moved to 10am instead of 9am, sa conference room na lang po.",SMS,Message,Not Scam,,Verified
"Good day! Kindly be reminded of your balance for this semester. You may settle it at the Cashier's Office, West Negros University.",SMS,Message,Not Scam,,Verified
"Grade consultation is this Friday, 1-4pm. Please come to the faculty room if you have concerns about your grades.",SMS,Message,Not Scam,,Verified
"Paalala mula sa Barangay: Bukas po ang clean-up drive sa aming lugar, 6am tayo magsisimula. Sama-sama tayo!",SMS,Message,Not Scam,,Verified
Advisory from Barangay Handumanan: Water interruption bukas from 8am to 5pm due to pipe maintenance.,SMS,Message,Not Scam,,Verified
"Reminder: Free vaccination for senior citizens this Monday at the Barangay Health Center, 8am to 12nn.",SMS,Message,Not Scam,,Verified
Paalala: Bawal magparada sa harap ng barangay hall tuwing Lunes dahil sa flag ceremony.,SMS,Message,Not Scam,,Verified
Good day residents! Garbage collection schedule this week is Tuesday and Friday only.,SMS,Message,Not Scam,,Verified
"Notice: Barangay assembly meeting is this Sunday, 3pm, sa covered court. Lahat po ng may sasabihin, dumalo po sana.",SMS,Message,Not Scam,,Verified
PAGASA Advisory: Light to moderate rains expected sa Negros Occidental area today until tomorrow evening.,SMS,Message,Not Scam,,Verified
"Paalala: Simbang Gabi starts this Saturday, 4am, sa aming parokya. Salamat po at sama-sama tayo dumalo.",SMS,Message,Not Scam,,Verified
"Good day! Mass schedule this Sunday: 6am, 8am, and 5pm. Wedding mass po sa 10am, please take note.",SMS,Message,Not Scam,,Verified
"Reminder for the choir: Practice tonight, 7pm, sa parish hall.",SMS,Message,Not Scam,,Verified
"Good day! May bagong menu na po kami dito sa Bacolod Diner, chicken inasal with unli-rice, drop by anytime!",SMS,Message,Not Scam,,Verified
"New stock na po ang aming panaderia! Fresh pandesal available starting 5am, dito lang sa may Burgos Street.",SMS,Message,Not Scam,,Verified
"Grand opening po ng aming sari-sari store this Saturday, dumaan po kayo mamaya!",SMS,Message,Not Scam,,Verified
"Salamat sa pagsuporta sa aming tindahan! Bukas pa rin po kami ng maaga bukas, 6am.",SMS,Message,Not Scam,,Verified
"Piso fare promo natapos na po, pero meron pa rin kaming sulit fare packages, tanong lang po sa amin.",SMS,Message,Not Scam,,Verified
"Nabayaran ko na yung kuryente natin, ipapadala ko na lang sayo yung resibo mamaya.",SMS,Message,Not Scam,,Verified
"Salamat sa pautang kahapon, babayaran ko na yan sayo pag sweldo ko this Friday.",SMS,Message,Not Scam,,Verified
"Padala ko na yung share mo sa bill, check mo na lang GCash mo.",SMS,Message,Not Scam,,Verified
"Nagpadala na ko ng pambili ng school supplies ni Kuya sayo, salamat sa pag-aalaga.",SMS,Message,Not Scam,,Verified
"Reminder: Your check-up with Dr. Reyes is tomorrow, 10am, at Riverside Medical Center Bacolod.",SMS,Message,Not Scam,,Verified
"Good day! Your lab results are ready for pickup at the clinic, office hours 8am-5pm, Monday to Saturday.",SMS,Message,Not Scam,,Verified
"Paalala po: Bukas na po ang inyong follow-up check-up, dalhin niyo na rin po yung mga gamot niyo.",SMS,Message,Not Scam,,Verified
Maligayang MassKara Festival! Sama-sama tayo mag-celebrate this October dito sa Bacolod!,SMS,Message,Not Scam,,Verified
Happy Panaad sa Negros Festival! Dumalaw kayo sa Panaad Park at makita ang mga booths ng iba't ibang towns.,SMS,Message,Not Scam,,Verified
Maligayang Pasko at manigong Bagong Taon sa buong pamilya! Ingat lagi.,SMS,Message,Not Scam,,Verified
"Happy fiesta! Halina't kumain sa amin bukas, marami kaming handa.",SMS,Message,Not Scam,,Verified
"Advisory: Bantay Bagyo update - Signal No. 1 raised sa parte ng Negros Occidental, mag-ingat po sa biyahe.",SMS,Message,Not Scam,,Verified
Ceres Bus Advisory: Trips papuntang Dumaguete may delay dahil sa road repair sa Kabankalan area.,SMS,Message,Not Scam,,Verified
Good day! Flight schedule from Bacolod-Silay Airport is on time as of this morning.,SMS,Message,Not Scam,,Verified
Miss na miss na kita! Kailan ka babalik dito sa Bacolod?,SMS,Message,Not Scam,,Verified
"Salamat sa regalo, ang sweet mo talaga! Ingat ka lagi.",SMS,Message,Not Scam,,Verified
"Nakabili na ko ng tiket pauwi, makikita na kita next week!",SMS,Message,Not Scam,,Verified
"Ilang taon na tayong magkaibigan, sobrang saya makasama ka lagi.",SMS,Message,Not Scam,,Verified
Good luck sa board exam mo! Alam kong kaya mo yan.,SMS,Message,Not Scam,,Verified
"Congrats sa new job! Deserve mo talaga yan, ang tiyaga mo eh.",SMS,Message,Not Scam,,Verified
"Ingat ka sa byahe pauwi, text mo ko pag safe ka na sa bahay.",SMS,Message,Not Scam,,Verified
"Halika sa amin mamaya, may lechon manok tayo for dinner.",SMS,Message,Not Scam,,Verified
Sino may available bukas? Gusto ko sana mag-inuman tayo sa may Lacson.,SMS,Message,Not Scam,,Verified
"Uy pare, may laro ba tayo basketball mamaya sa barangay court?",SMS,Message,Not Scam,,Verified
https://www.chase.com,web,URL,Not Scam,,Verified
https://www.bankofamerica.com,web,URL,Not Scam,,Verified
https://www.wellsfargo.com,web,URL,Not Scam,,Verified
https://www.citi.com,web,URL,Not Scam,,Verified
https://www.bpi.com.ph,web,URL,Not Scam,,Verified
https://www.bdo.com.ph,web,URL,Not Scam,,Verified
https://www.hsbc.com,web,URL,Not Scam,,Verified
https://www.barclays.co.uk,web,URL,Not Scam,,Verified
https://www.capitalone.com,web,URL,Not Scam,,Verified
https://www.td.com,web,URL,Not Scam,,Verified
https://www.paypal.com,web,URL,Not Scam,,Verified
https://venmo.com,web,URL,Not Scam,,Verified
https://cash.app,web,URL,Not Scam,,Verified
https://www.gcash.com,web,URL,Not Scam,,Verified
https://www.maya.ph,web,URL,Not Scam,,Verified
https://stripe.com,web,URL,Not Scam,,Verified
https://www.zellepay.com,web,URL,Not Scam,,Verified
https://www.revolut.com,web,URL,Not Scam,,Verified
https://www.skrill.com,web,URL,Not Scam,,Verified
https://www.neteller.com,web,URL,Not Scam,,Verified
https://www.fedex.com,web,URL,Not Scam,,Verified
https://www.ups.com,web,URL,Not Scam,,Verified
https://www.dhl.com,web,URL,Not Scam,,Verified
https://www.usps.com,web,URL,Not Scam,,Verified
https://www.jtexpress.ph,web,URL,Not Scam,,Verified
https://www.ninjavan.co,web,URL,Not Scam,,Verified
https://phlpost.gov.ph,web,URL,Not Scam,,Verified
https://www.dpd.com,web,URL,Not Scam,,Verified
https://www.royalmail.com,web,URL,Not Scam,,Verified
https://www.sf-express.com,web,URL,Not Scam,,Verified
https://www.powerball.com,web,URL,Not Scam,,Verified
https://www.megamillions.com,web,URL,Not Scam,,Verified
https://www.national-lottery.co.uk,web,URL,Not Scam,,Verified
https://www.pcso.gov.ph,web,URL,Not Scam,,Verified
https://www.thelott.com,web,URL,Not Scam,,Verified
https://www.loterie-nationale.fr,web,URL,Not Scam,,Verified
https://www.calottery.com,web,URL,Not Scam,,Verified
https://nylottery.ny.gov,web,URL,Not Scam,,Verified
https://www.olg.ca,web,URL,Not Scam,,Verified
https://mylotto.co.nz,web,URL,Not Scam,,Verified
https://www.bet365.com,web,URL,Not Scam,,Verified
https://www.draftkings.com,web,URL,Not Scam,,Verified
https://www.fanduel.com,web,URL,Not Scam,,Verified
https://www.pagcor.ph,web,URL,Not Scam,,Verified
https://www.flutter.com,web,URL,Not Scam,,Verified
https://betway.com,web,URL,Not Scam,,Verified
https://www.caesars.com,web,URL,Not Scam,,Verified
https://www.mgmresorts.com,web,URL,Not Scam,,Verified
https://www.kindredgroup.com,web,URL,Not Scam,,Verified
https://www.entaingroup.com,web,URL,Not Scam,,Verified
https://www.lendingclub.com,web,URL,Not Scam,,Verified
https://www.prosper.com,web,URL,Not Scam,,Verified
https://www.sofi.com,web,URL,Not Scam,,Verified
https://www.creditkarma.com,web,URL,Not Scam,,Verified
https://www.upstart.com,web,URL,Not Scam,,Verified
https://www.homecredit.net,web,URL,Not Scam,,Verified
https://tala.co,web,URL,Not Scam,,Verified
https://www.seedin.tech,web,URL,Not Scam,,Verified
https://www.avant.com,web,URL,Not Scam,,Verified
https://www.marcus.com,web,URL,Not Scam,,Verified
https://www.ssa.gov,web,URL,Not Scam,,Verified
https://www.irs.gov,web,URL,Not Scam,,Verified
https://www.gov.uk,web,URL,Not Scam,,Verified
https://www.sss.gov.ph,web,URL,Not Scam,,Verified
https://www.philhealth.gov.ph,web,URL,Not Scam,,Verified
https://www.pagibigfund.gov.ph,web,URL,Not Scam,,Verified
https://www.usa.gov,web,URL,Not Scam,,Verified
https://www.medicare.gov,web,URL,Not Scam,,Verified
https://www.servicesaustralia.gov.au,web,URL,Not Scam,,Verified
https://www.canada.ca/en/revenue-agency.html,web,URL,Not Scam,,Verified
https://www.linkedin.com,web,URL,Not Scam,,Verified
https://www.indeed.com,web,URL,Not Scam,,Verified
https://www.glassdoor.com,web,URL,Not Scam,,Verified
https://www.monster.com,web,URL,Not Scam,,Verified
https://www.ziprecruiter.com,web,URL,Not Scam,,Verified
https://www.jobstreet.com.ph,web,URL,Not Scam,,Verified
https://www.workday.com,web,URL,Not Scam,,Verified
https://www.simplyhired.com,web,URL,Not Scam,,Verified
https://www.flexjobs.com,web,URL,Not Scam,,Verified
https://www.governmentjobs.com,web,URL,Not Scam,,Verified
https://investor.vanguard.com,web,URL,Not Scam,,Verified
https://www.fidelity.com,web,URL,Not Scam,,Verified
https://www.schwab.com,web,URL,Not Scam,,Verified
https://www.blackRock.com,web,URL,Not Scam,,Verified
https://robinhood.com,web,URL,Not Scam,,Verified
https://us.etrade.com,web,URL,Not Scam,,Verified
https://www.interactivebrokers.com,web,URL,Not Scam,,Verified
https://www.tdameritrade.com,web,URL,Not Scam,,Verified
https://www.coinbase.com,web,URL,Not Scam,,Verified
https://www.binance.com,web,URL,Not Scam,,Verified
https://www.marriott.com,web,URL,Not Scam,,Verified
https://www.hilton.com,web,URL,Not Scam,,Verified
https://www.delta.com,web,URL,Not Scam,,Verified
https://www.aa.com,web,URL,Not Scam,,Verified
https://www.starbucks.com/rewards,web,URL,Not Scam,,Verified
https://www.ihg.com,web,URL,Not Scam,,Verified
https://www.rakuten.com,web,URL,Not Scam,,Verified
https://www.fetch.com,web,URL,Not Scam,,Verified
https://rewards.microsoft.com,web,URL,Not Scam,,Verified
https://www.shell.com,web,URL,Not Scam,,Verified
